email_id,sender_email,subject,has_link,has_attachment,urgency_score,spelling_errors,email_length_words,is_phishing,sender_email_clean,subject_clean,sender_domain,subject_word_count
1,harrisonsandra@paypal-alert.com,Meeting Reminder,0,1,2,0,227,0,harrisonsandra paypal alert com,meeting reminder,paypal-alert.com,2
2,randyharris@bankverify.net,Urgent Account Verification,1,1,9,7,59,1,randyharris bankverify net,urgent account verification,bankverify.net,3
3,adam13@outlook.com,Suspicious Login Attempt,1,1,8,10,67,1,adam13 outlook com,suspicious login attempt,outlook.com,3
4,kennethfisher@company-secure.com,Suspicious Login Attempt,0,1,9,8,102,1,kennethfisher company secure com,suspicious login attempt,company-secure.com,3
5,wsandoval@paypal-alert.com,Your Password Will Expire,1,0,7,4,96,1,wsandoval paypal alert com,your password will expire,paypal-alert.com,4
6,dflores@company-secure.com,Claim Your Reward Now,0,0,10,4,88,1,dflores company secure com,claim your reward now,company-secure.com,4
7,hillanthony@gmail.com,Interview Schedule,0,0,2,2,112,0,hillanthony gmail com,interview schedule,gmail.com,2
8,yhansen@paypal-alert.com,Urgent Account Verification,1,0,10,10,84,1,yhansen paypal alert com,urgent account verification,paypal-alert.com,3
9,robinsoncory@gmail.com,Invoice Attached,1,0,5,2,191,0,robinsoncory gmail com,invoice attached,gmail.com,2
10,josephwilcox@bankverify.net,Invoice Attached,0,1,4,2,173,0,josephwilcox bankverify net,invoice attached,bankverify.net,2
11,loganramsey@bankverify.net,Project Update,1,1,5,2,125,0,loganramsey bankverify net,project update,bankverify.net,2
12,sharpshawn@paypal-alert.com,Bank Account Locked,1,1,8,3,41,1,sharpshawn paypal alert com,bank account locked,paypal-alert.com,3
13,vcollins@bankverify.net,Meeting Reminder,1,1,3,2,271,0,vcollins bankverify net,meeting reminder,bankverify.net,2
14,joneslisa@company-secure.com,Project Update,0,1,2,0,214,0,joneslisa company secure com,project update,company-secure.com,2
15,cynthia11@bankverify.net,Interview Schedule,0,1,4,2,259,0,cynthia11 bankverify net,interview schedule,bankverify.net,2
16,ashleyrivera@paypal-alert.com,Claim Your Reward Now,1,1,9,3,35,1,ashleyrivera paypal alert com,claim your reward now,paypal-alert.com,4
17,ltapia@gmail.com,Urgent Account Verification,1,0,8,9,101,1,ltapia gmail com,urgent account verification,gmail.com,3
18,vbrown@paypal-alert.com,Interview Schedule,0,1,3,1,101,0,vbrown paypal alert com,interview schedule,paypal-alert.com,2
19,jonesjennifer@gmail.com,Meeting Reminder,0,1,3,1,167,0,jonesjennifer gmail com,meeting reminder,gmail.com,2
20,karenwaller@company-secure.com,Bank Account Locked,1,1,9,9,114,1,karenwaller company secure com,bank account locked,company-secure.com,3
21,rpowers@paypal-alert.com,Bank Account Locked,1,1,7,10,110,1,rpowers paypal alert com,bank account locked,paypal-alert.com,3
22,henryjohn@gmail.com,Project Update,1,1,2,2,230,0,henryjohn gmail com,project update,gmail.com,2
23,kocheileen@bankverify.net,Project Update,1,1,5,1,253,0,kocheileen bankverify net,project update,bankverify.net,2
24,stewartjames@bankverify.net,Claim Your Reward Now,1,1,8,4,118,1,stewartjames bankverify net,claim your reward now,bankverify.net,4
25,wbecker@paypal-alert.com,Urgent Account Verification,1,1,7,9,108,1,wbecker paypal alert com,urgent account verification,paypal-alert.com,3
26,patrickterry@company-secure.com,Bank Account Locked,1,1,7,7,35,1,patrickterry company secure com,bank account locked,company-secure.com,3
27,brittanygarcia@company-secure.com,Invoice Attached,1,0,1,0,132,0,brittanygarcia company secure com,invoice attached,company-secure.com,2
28,parkmelissa@bankverify.net,Suspicious Login Attempt,1,1,10,7,33,1,parkmelissa bankverify net,suspicious login attempt,bankverify.net,3
29,clarkrebecca@outlook.com,Bank Account Locked,1,0,8,3,83,1,clarkrebecca outlook com,bank account locked,outlook.com,3
30,adam47@outlook.com,Urgent Account Verification,1,0,10,6,114,1,adam47 outlook com,urgent account verification,outlook.com,3
31,veronica94@bankverify.net,Project Update,1,1,3,1,266,0,veronica94 bankverify net,project update,bankverify.net,2
32,jacksonsarah@outlook.com,Claim Your Reward Now,1,0,8,6,56,1,jacksonsarah outlook com,claim your reward now,outlook.com,4
33,dpatrick@gmail.com,Invoice Attached,0,0,1,1,255,0,dpatrick gmail com,invoice attached,gmail.com,2
34,robertobrien@bankverify.net,Meeting Reminder,0,0,3,0,291,0,robertobrien bankverify net,meeting reminder,bankverify.net,2
35,kennethtaylor@bankverify.net,Claim Your Reward Now,1,1,7,6,44,1,kennethtaylor bankverify net,claim your reward now,bankverify.net,4
36,fmartin@company-secure.com,Project Update,0,1,4,0,247,0,fmartin company secure com,project update,company-secure.com,2
37,joshua14@outlook.com,Your Password Will Expire,1,1,10,5,117,1,joshua14 outlook com,your password will expire,outlook.com,4
38,jonespatricia@bankverify.net,Invoice Attached,0,0,2,2,246,0,jonespatricia bankverify net,invoice attached,bankverify.net,2
39,lwashington@paypal-alert.com,Meeting Reminder,1,0,5,2,261,0,lwashington paypal alert com,meeting reminder,paypal-alert.com,2
40,annagutierrez@paypal-alert.com,Meeting Reminder,1,1,1,0,149,0,annagutierrez paypal alert com,meeting reminder,paypal-alert.com,2
41,sarahrose@gmail.com,Project Update,0,0,3,0,283,0,sarahrose gmail com,project update,gmail.com,2
42,hryan@company-secure.com,Weekly Newsletter,0,1,5,2,115,0,hryan company secure com,weekly newsletter,company-secure.com,2
43,freemankimberly@outlook.com,Your Password Will Expire,1,1,8,4,64,1,freemankimberly outlook com,your password will expire,outlook.com,4
44,brennanrichard@outlook.com,Weekly Newsletter,1,1,1,2,152,0,brennanrichard outlook com,weekly newsletter,outlook.com,2
45,lisarichard@bankverify.net,Claim Your Reward Now,1,1,7,9,81,1,lisarichard bankverify net,claim your reward now,bankverify.net,4
46,stewarttheresa@outlook.com,Invoice Attached,1,0,1,2,145,0,stewarttheresa outlook com,invoice attached,outlook.com,2
47,louisrodriguez@company-secure.com,Invoice Attached,1,0,5,2,145,0,louisrodriguez company secure com,invoice attached,company-secure.com,2
48,phamcrystal@outlook.com,Suspicious Login Attempt,1,0,8,4,48,1,phamcrystal outlook com,suspicious login attempt,outlook.com,3
49,edwardsalex@company-secure.com,Claim Your Reward Now,1,1,8,3,40,1,edwardsalex company secure com,claim your reward now,company-secure.com,4
50,joshua42@outlook.com,Bank Account Locked,1,0,8,4,118,1,joshua42 outlook com,bank account locked,outlook.com,3
51,ehopkins@paypal-alert.com,Invoice Attached,0,1,1,2,199,0,ehopkins paypal alert com,invoice attached,paypal-alert.com,2
52,thomasdiaz@gmail.com,Meeting Reminder,0,0,5,1,114,0,thomasdiaz gmail com,meeting reminder,gmail.com,2
53,katiebaker@outlook.com,Urgent Account Verification,1,1,7,10,65,1,katiebaker outlook com,urgent account verification,outlook.com,3
54,williamrivers@company-secure.com,Suspicious Login Attempt,1,1,7,5,101,1,williamrivers company secure com,suspicious login attempt,company-secure.com,3
55,smithsteven@gmail.com,Weekly Newsletter,1,1,4,2,106,0,smithsteven gmail com,weekly newsletter,gmail.com,2
56,kellymiller@bankverify.net,Suspicious Login Attempt,1,0,8,5,86,1,kellymiller bankverify net,suspicious login attempt,bankverify.net,3
57,hoodmary@gmail.com,Weekly Newsletter,0,1,4,0,268,0,hoodmary gmail com,weekly newsletter,gmail.com,2
58,charleslamb@bankverify.net,Suspicious Login Attempt,1,0,9,6,52,1,charleslamb bankverify net,suspicious login attempt,bankverify.net,3
59,beverlyblackburn@gmail.com,Your Password Will Expire,1,1,9,6,76,1,beverlyblackburn gmail com,your password will expire,gmail.com,4
60,roblesthomas@company-secure.com,Invoice Attached,0,0,3,1,153,0,roblesthomas company secure com,invoice attached,company-secure.com,2
61,taylorhutchinson@bankverify.net,Claim Your Reward Now,0,0,8,10,118,1,taylorhutchinson bankverify net,claim your reward now,bankverify.net,4
62,wallacekelsey@outlook.com,Bank Account Locked,1,0,10,3,39,1,wallacekelsey outlook com,bank account locked,outlook.com,3
63,yrobertson@bankverify.net,Bank Account Locked,1,1,8,5,37,1,yrobertson bankverify net,bank account locked,bankverify.net,3
64,nathaniel43@gmail.com,Meeting Reminder,0,0,4,2,99,0,nathaniel43 gmail com,meeting reminder,gmail.com,2
65,vmelendez@company-secure.com,Invoice Attached,0,0,2,0,172,0,vmelendez company secure com,invoice attached,company-secure.com,2
66,jennifermunoz@gmail.com,Meeting Reminder,0,1,3,0,156,0,jennifermunoz gmail com,meeting reminder,gmail.com,2
67,wfoster@company-secure.com,Invoice Attached,0,0,2,2,293,0,wfoster company secure com,invoice attached,company-secure.com,2
68,matthew64@outlook.com,Suspicious Login Attempt,1,0,8,6,33,1,matthew64 outlook com,suspicious login attempt,outlook.com,3
69,sharon88@outlook.com,Invoice Attached,1,0,1,2,190,0,sharon88 outlook com,invoice attached,outlook.com,2
70,ruth60@company-secure.com,Claim Your Reward Now,1,0,7,9,64,1,ruth60 company secure com,claim your reward now,company-secure.com,4
71,cynthia97@paypal-alert.com,Your Password Will Expire,0,0,10,6,106,1,cynthia97 paypal alert com,your password will expire,paypal-alert.com,4
72,ataylor@paypal-alert.com,Claim Your Reward Now,0,0,7,3,53,1,ataylor paypal alert com,claim your reward now,paypal-alert.com,4
73,mwhite@bankverify.net,Weekly Newsletter,1,0,3,2,202,0,mwhite bankverify net,weekly newsletter,bankverify.net,2
74,edwardsraymond@company-secure.com,Bank Account Locked,1,0,9,10,60,1,edwardsraymond company secure com,bank account locked,company-secure.com,3
75,morgandavid@paypal-alert.com,Bank Account Locked,1,0,7,4,72,1,morgandavid paypal alert com,bank account locked,paypal-alert.com,3
76,jill04@bankverify.net,Project Update,0,1,1,0,249,0,jill04 bankverify net,project update,bankverify.net,2
77,scottcooper@gmail.com,Project Update,1,1,3,1,140,0,scottcooper gmail com,project update,gmail.com,2
78,oroman@gmail.com,Interview Schedule,1,0,3,0,147,0,oroman gmail com,interview schedule,gmail.com,2
79,mooreadrian@paypal-alert.com,Project Update,0,1,4,2,226,0,mooreadrian paypal alert com,project update,paypal-alert.com,2
80,melissa06@gmail.com,Interview Schedule,0,1,4,0,107,0,melissa06 gmail com,interview schedule,gmail.com,2
81,terrence42@gmail.com,Interview Schedule,0,1,2,0,100,0,terrence42 gmail com,interview schedule,gmail.com,2
82,eallen@bankverify.net,Claim Your Reward Now,0,0,8,9,90,1,eallen bankverify net,claim your reward now,bankverify.net,4
83,bushvanessa@gmail.com,Bank Account Locked,0,1,10,10,75,1,bushvanessa gmail com,bank account locked,gmail.com,3
84,joel78@paypal-alert.com,Invoice Attached,1,1,2,2,84,0,joel78 paypal alert com,invoice attached,paypal-alert.com,2
85,hollyarias@company-secure.com,Urgent Account Verification,1,0,8,6,102,1,hollyarias company secure com,urgent account verification,company-secure.com,3
86,carlycurtis@outlook.com,Invoice Attached,1,1,5,2,108,0,carlycurtis outlook com,invoice attached,outlook.com,2
87,sarahgomez@gmail.com,Invoice Attached,1,0,1,0,158,0,sarahgomez gmail com,invoice attached,gmail.com,2
88,xjenkins@company-secure.com,Invoice Attached,0,0,4,2,172,0,xjenkins company secure com,invoice attached,company-secure.com,2
89,timothy42@bankverify.net,Bank Account Locked,1,1,10,8,61,1,timothy42 bankverify net,bank account locked,bankverify.net,3
90,ucarroll@paypal-alert.com,Interview Schedule,1,1,2,0,106,0,ucarroll paypal alert com,interview schedule,paypal-alert.com,2
91,anna71@paypal-alert.com,Suspicious Login Attempt,1,0,9,6,82,1,anna71 paypal alert com,suspicious login attempt,paypal-alert.com,3
92,steven77@bankverify.net,Interview Schedule,1,1,2,0,219,0,steven77 bankverify net,interview schedule,bankverify.net,2
93,mwilkinson@paypal-alert.com,Meeting Reminder,1,1,2,2,81,0,mwilkinson paypal alert com,meeting reminder,paypal-alert.com,2
94,tinarodriguez@outlook.com,Urgent Account Verification,0,0,10,4,99,1,tinarodriguez outlook com,urgent account verification,outlook.com,3
95,vblankenship@paypal-alert.com,Claim Your Reward Now,0,0,8,7,106,1,vblankenship paypal alert com,claim your reward now,paypal-alert.com,4
96,fishertodd@paypal-alert.com,Meeting Reminder,0,1,4,0,189,0,fishertodd paypal alert com,meeting reminder,paypal-alert.com,2
97,myersryan@bankverify.net,Meeting Reminder,1,0,1,0,265,0,myersryan bankverify net,meeting reminder,bankverify.net,2
98,gonzaleznicholas@outlook.com,Urgent Account Verification,1,0,7,5,51,1,gonzaleznicholas outlook com,urgent account verification,outlook.com,3
99,nhernandez@company-secure.com,Project Update,0,0,5,1,119,0,nhernandez company secure com,project update,company-secure.com,2
100,longterry@company-secure.com,Bank Account Locked,1,1,8,6,46,1,longterry company secure com,bank account locked,company-secure.com,3
101,neil49@outlook.com,Claim Your Reward Now,1,1,8,7,120,1,neil49 outlook com,claim your reward now,outlook.com,4
102,lramirez@company-secure.com,Claim Your Reward Now,0,1,10,6,24,1,lramirez company secure com,claim your reward now,company-secure.com,4
103,juliaowens@company-secure.com,Meeting Reminder,0,1,4,2,296,0,juliaowens company secure com,meeting reminder,company-secure.com,2
104,uhenderson@company-secure.com,Weekly Newsletter,1,0,2,2,100,0,uhenderson company secure com,weekly newsletter,company-secure.com,2
105,ojones@gmail.com,Weekly Newsletter,0,1,4,1,200,0,ojones gmail com,weekly newsletter,gmail.com,2
106,ayalamichael@company-secure.com,Weekly Newsletter,1,1,3,1,138,0,ayalamichael company secure com,weekly newsletter,company-secure.com,2
107,paul18@company-secure.com,Your Password Will Expire,1,1,8,6,82,1,paul18 company secure com,your password will expire,company-secure.com,4
108,craig00@company-secure.com,Interview Schedule,1,0,1,0,219,0,craig00 company secure com,interview schedule,company-secure.com,2
109,ugutierrez@company-secure.com,Bank Account Locked,1,0,7,4,54,1,ugutierrez company secure com,bank account locked,company-secure.com,3
110,lisa11@company-secure.com,Suspicious Login Attempt,1,0,9,4,113,1,lisa11 company secure com,suspicious login attempt,company-secure.com,3
111,gregoryowen@paypal-alert.com,Suspicious Login Attempt,0,0,8,5,81,1,gregoryowen paypal alert com,suspicious login attempt,paypal-alert.com,3
112,hansengene@company-secure.com,Urgent Account Verification,1,1,7,10,73,1,hansengene company secure com,urgent account verification,company-secure.com,3
113,lcain@bankverify.net,Weekly Newsletter,0,0,1,1,131,0,lcain bankverify net,weekly newsletter,bankverify.net,2
114,kjohnson@gmail.com,Invoice Attached,1,0,2,1,176,0,kjohnson gmail com,invoice attached,gmail.com,2
115,diana81@outlook.com,Project Update,1,0,4,1,115,0,diana81 outlook com,project update,outlook.com,2
116,snydermeagan@paypal-alert.com,Invoice Attached,1,0,1,0,189,0,snydermeagan paypal alert com,invoice attached,paypal-alert.com,2
117,gomezyvette@paypal-alert.com,Invoice Attached,1,1,1,1,247,0,gomezyvette paypal alert com,invoice attached,paypal-alert.com,2
118,torr@paypal-alert.com,Weekly Newsletter,0,0,1,0,140,0,torr paypal alert com,weekly newsletter,paypal-alert.com,2
119,kbrown@bankverify.net,Urgent Account Verification,1,1,9,7,92,1,kbrown bankverify net,urgent account verification,bankverify.net,3
120,valdezashley@gmail.com,Interview Schedule,0,0,5,0,127,0,valdezashley gmail com,interview schedule,gmail.com,2
121,ericmiller@paypal-alert.com,Suspicious Login Attempt,0,1,9,4,34,1,ericmiller paypal alert com,suspicious login attempt,paypal-alert.com,3
122,mendozaholly@gmail.com,Weekly Newsletter,1,0,2,1,89,0,mendozaholly gmail com,weekly newsletter,gmail.com,2
123,james72@paypal-alert.com,Invoice Attached,1,0,5,2,187,0,james72 paypal alert com,invoice attached,paypal-alert.com,2
124,olsonchristopher@paypal-alert.com,Urgent Account Verification,1,1,8,4,35,1,olsonchristopher paypal alert com,urgent account verification,paypal-alert.com,3
125,fostermichael@bankverify.net,Claim Your Reward Now,1,0,8,8,76,1,fostermichael bankverify net,claim your reward now,bankverify.net,4
126,joshuahammond@bankverify.net,Invoice Attached,1,1,5,1,229,0,joshuahammond bankverify net,invoice attached,bankverify.net,2
127,smithjulian@company-secure.com,Weekly Newsletter,1,0,2,1,274,0,smithjulian company secure com,weekly newsletter,company-secure.com,2
128,devin77@gmail.com,Your Password Will Expire,1,1,9,3,58,1,devin77 gmail com,your password will expire,gmail.com,4
129,yvettemelton@paypal-alert.com,Your Password Will Expire,1,1,7,7,101,1,yvettemelton paypal alert com,your password will expire,paypal-alert.com,4
130,traceymorse@company-secure.com,Project Update,0,1,2,0,90,0,traceymorse company secure com,project update,company-secure.com,2
131,khull@outlook.com,Claim Your Reward Now,1,1,8,5,37,1,khull outlook com,claim your reward now,outlook.com,4
132,cassandrabaker@outlook.com,Project Update,0,1,3,2,212,0,cassandrabaker outlook com,project update,outlook.com,2
133,gordondawn@paypal-alert.com,Project Update,1,0,3,1,150,0,gordondawn paypal alert com,project update,paypal-alert.com,2
134,webbtony@outlook.com,Suspicious Login Attempt,1,0,8,9,50,1,webbtony outlook com,suspicious login attempt,outlook.com,3
135,ncarlson@bankverify.net,Project Update,1,0,1,1,211,0,ncarlson bankverify net,project update,bankverify.net,2
136,andersondonald@bankverify.net,Project Update,1,0,3,0,148,0,andersondonald bankverify net,project update,bankverify.net,2
137,nicolesaunders@outlook.com,Suspicious Login Attempt,1,1,8,9,89,1,nicolesaunders outlook com,suspicious login attempt,outlook.com,3
138,nathanvelazquez@paypal-alert.com,Weekly Newsletter,0,0,2,1,154,0,nathanvelazquez paypal alert com,weekly newsletter,paypal-alert.com,2
139,gregory05@paypal-alert.com,Meeting Reminder,0,0,5,2,103,0,gregory05 paypal alert com,meeting reminder,paypal-alert.com,2
140,markkline@gmail.com,Weekly Newsletter,0,0,2,2,217,0,markkline gmail com,weekly newsletter,gmail.com,2
141,fbrown@company-secure.com,Interview Schedule,0,0,2,0,286,0,fbrown company secure com,interview schedule,company-secure.com,2
142,ashleyschultz@gmail.com,Invoice Attached,0,1,2,1,216,0,ashleyschultz gmail com,invoice attached,gmail.com,2
143,zglenn@bankverify.net,Invoice Attached,1,1,2,0,243,0,zglenn bankverify net,invoice attached,bankverify.net,2
144,blopez@paypal-alert.com,Urgent Account Verification,0,0,8,5,95,1,blopez paypal alert com,urgent account verification,paypal-alert.com,3
145,candacegill@gmail.com,Invoice Attached,0,0,4,2,185,0,candacegill gmail com,invoice attached,gmail.com,2
146,wrightjason@company-secure.com,Your Password Will Expire,1,0,9,6,37,1,wrightjason company secure com,your password will expire,company-secure.com,4
147,fduncan@company-secure.com,Claim Your Reward Now,1,0,8,9,21,1,fduncan company secure com,claim your reward now,company-secure.com,4
148,monicamiller@outlook.com,Meeting Reminder,1,0,2,2,212,0,monicamiller outlook com,meeting reminder,outlook.com,2
149,xvazquez@company-secure.com,Interview Schedule,1,1,3,2,159,0,xvazquez company secure com,interview schedule,company-secure.com,2
150,stephanie46@bankverify.net,Urgent Account Verification,0,1,7,10,96,1,stephanie46 bankverify net,urgent account verification,bankverify.net,3
151,jimmy17@outlook.com,Bank Account Locked,1,1,8,10,84,1,jimmy17 outlook com,bank account locked,outlook.com,3
152,eharper@outlook.com,Weekly Newsletter,0,0,1,1,239,0,eharper outlook com,weekly newsletter,outlook.com,2
153,greenchristopher@paypal-alert.com,Weekly Newsletter,1,0,1,1,145,0,greenchristopher paypal alert com,weekly newsletter,paypal-alert.com,2
154,jacob54@company-secure.com,Meeting Reminder,0,0,5,1,86,0,jacob54 company secure com,meeting reminder,company-secure.com,2
155,megan18@company-secure.com,Suspicious Login Attempt,0,0,9,10,43,1,megan18 company secure com,suspicious login attempt,company-secure.com,3
156,mariahponce@outlook.com,Interview Schedule,1,1,2,0,166,0,mariahponce outlook com,interview schedule,outlook.com,2
157,david85@company-secure.com,Claim Your Reward Now,1,0,8,10,80,1,david85 company secure com,claim your reward now,company-secure.com,4
158,kelly75@bankverify.net,Interview Schedule,1,0,3,2,273,0,kelly75 bankverify net,interview schedule,bankverify.net,2
159,kimberlydouglas@gmail.com,Invoice Attached,0,0,4,0,88,0,kimberlydouglas gmail com,invoice attached,gmail.com,2
160,leslie98@paypal-alert.com,Meeting Reminder,1,0,4,2,251,0,leslie98 paypal alert com,meeting reminder,paypal-alert.com,2
161,danderson@gmail.com,Invoice Attached,1,1,2,2,262,0,danderson gmail com,invoice attached,gmail.com,2
162,mendozaaaron@bankverify.net,Claim Your Reward Now,1,1,8,8,101,1,mendozaaaron bankverify net,claim your reward now,bankverify.net,4
163,jennifer48@bankverify.net,Claim Your Reward Now,1,1,8,4,91,1,jennifer48 bankverify net,claim your reward now,bankverify.net,4
164,sanchezmichael@gmail.com,Suspicious Login Attempt,0,0,7,3,35,1,sanchezmichael gmail com,suspicious login attempt,gmail.com,3
165,paulahart@company-secure.com,Interview Schedule,1,1,3,1,257,0,paulahart company secure com,interview schedule,company-secure.com,2
166,cbrooks@paypal-alert.com,Invoice Attached,0,1,4,0,214,0,cbrooks paypal alert com,invoice attached,paypal-alert.com,2
167,clarkpamela@company-secure.com,Urgent Account Verification,0,0,9,6,54,1,clarkpamela company secure com,urgent account verification,company-secure.com,3
168,carrollchristopher@outlook.com,Urgent Account Verification,1,1,8,5,51,1,carrollchristopher outlook com,urgent account verification,outlook.com,3
169,jefferyjohnson@bankverify.net,Meeting Reminder,0,1,3,2,134,0,jefferyjohnson bankverify net,meeting reminder,bankverify.net,2
170,ibarradawn@gmail.com,Your Password Will Expire,1,0,9,10,29,1,ibarradawn gmail com,your password will expire,gmail.com,4
171,kevinnorman@paypal-alert.com,Invoice Attached,1,0,1,2,144,0,kevinnorman paypal alert com,invoice attached,paypal-alert.com,2
172,david94@outlook.com,Claim Your Reward Now,1,0,7,8,103,1,david94 outlook com,claim your reward now,outlook.com,4
173,jonathan44@paypal-alert.com,Project Update,1,1,1,1,145,0,jonathan44 paypal alert com,project update,paypal-alert.com,2
174,bcurtis@paypal-alert.com,Claim Your Reward Now,1,1,7,9,57,1,bcurtis paypal alert com,claim your reward now,paypal-alert.com,4
175,raymondwilliams@paypal-alert.com,Weekly Newsletter,1,1,2,1,194,0,raymondwilliams paypal alert com,weekly newsletter,paypal-alert.com,2
176,amy43@company-secure.com,Invoice Attached,1,0,4,0,184,0,amy43 company secure com,invoice attached,company-secure.com,2
177,ethan41@bankverify.net,Your Password Will Expire,1,0,9,8,45,1,ethan41 bankverify net,your password will expire,bankverify.net,4
178,phill@gmail.com,Meeting Reminder,1,1,1,0,115,0,phill gmail com,meeting reminder,gmail.com,2
179,youngjuan@bankverify.net,Bank Account Locked,0,1,8,9,59,1,youngjuan bankverify net,bank account locked,bankverify.net,3
180,whamilton@company-secure.com,Meeting Reminder,1,1,5,2,175,0,whamilton company secure com,meeting reminder,company-secure.com,2
181,david91@outlook.com,Invoice Attached,1,0,2,2,199,0,david91 outlook com,invoice attached,outlook.com,2
182,ryan06@bankverify.net,Interview Schedule,0,1,5,0,106,0,ryan06 bankverify net,interview schedule,bankverify.net,2
183,qkrueger@outlook.com,Meeting Reminder,1,1,1,2,296,0,qkrueger outlook com,meeting reminder,outlook.com,2
184,amandaperry@company-secure.com,Meeting Reminder,1,1,5,2,273,0,amandaperry company secure com,meeting reminder,company-secure.com,2
185,patriciamorrison@company-secure.com,Invoice Attached,0,0,5,0,154,0,patriciamorrison company secure com,invoice attached,company-secure.com,2
186,jermainehamilton@bankverify.net,Bank Account Locked,1,0,10,6,30,1,jermainehamilton bankverify net,bank account locked,bankverify.net,3
187,christopher73@outlook.com,Suspicious Login Attempt,1,0,9,10,48,1,christopher73 outlook com,suspicious login attempt,outlook.com,3
188,adkinspamela@paypal-alert.com,Bank Account Locked,1,0,10,7,73,1,adkinspamela paypal alert com,bank account locked,paypal-alert.com,3
189,briancole@company-secure.com,Project Update,0,0,1,1,147,0,briancole company secure com,project update,company-secure.com,2
190,alicesantiago@company-secure.com,Project Update,0,0,5,1,189,0,alicesantiago company secure com,project update,company-secure.com,2
191,rileyshirley@company-secure.com,Project Update,1,0,2,0,102,0,rileyshirley company secure com,project update,company-secure.com,2
192,mwilliams@gmail.com,Bank Account Locked,0,1,10,9,115,1,mwilliams gmail com,bank account locked,gmail.com,3
193,andersonwillie@outlook.com,Your Password Will Expire,1,1,7,10,41,1,andersonwillie outlook com,your password will expire,outlook.com,4
194,alexanderthompson@gmail.com,Meeting Reminder,0,1,2,1,123,0,alexanderthompson gmail com,meeting reminder,gmail.com,2
195,chambersalex@company-secure.com,Bank Account Locked,0,1,10,6,70,1,chambersalex company secure com,bank account locked,company-secure.com,3
196,john15@outlook.com,Interview Schedule,0,0,2,1,192,0,john15 outlook com,interview schedule,outlook.com,2
197,asalas@outlook.com,Bank Account Locked,0,0,10,3,57,1,asalas outlook com,bank account locked,outlook.com,3
198,walter02@gmail.com,Claim Your Reward Now,1,0,10,6,90,1,walter02 gmail com,claim your reward now,gmail.com,4
199,zvasquez@gmail.com,Bank Account Locked,1,1,9,5,25,1,zvasquez gmail com,bank account locked,gmail.com,3
200,nsmith@bankverify.net,Invoice Attached,0,1,4,0,188,0,nsmith bankverify net,invoice attached,bankverify.net,2
201,hscott@paypal-alert.com,Suspicious Login Attempt,1,1,10,6,97,1,hscott paypal alert com,suspicious login attempt,paypal-alert.com,3
202,johnsonbrent@bankverify.net,Your Password Will Expire,1,1,7,9,119,1,johnsonbrent bankverify net,your password will expire,bankverify.net,4
203,josephpoole@company-secure.com,Weekly Newsletter,0,1,3,1,234,0,josephpoole company secure com,weekly newsletter,company-secure.com,2
204,jeremycaldwell@company-secure.com,Claim Your Reward Now,1,1,8,9,64,1,jeremycaldwell company secure com,claim your reward now,company-secure.com,4
205,hallabigail@company-secure.com,Urgent Account Verification,0,1,7,3,40,1,hallabigail company secure com,urgent account verification,company-secure.com,3
206,khoward@outlook.com,Claim Your Reward Now,1,1,8,5,85,1,khoward outlook com,claim your reward now,outlook.com,4
207,pjackson@gmail.com,Interview Schedule,1,1,3,2,205,0,pjackson gmail com,interview schedule,gmail.com,2
208,thomasricky@outlook.com,Bank Account Locked,1,0,7,8,25,1,thomasricky outlook com,bank account locked,outlook.com,3
209,margaretallen@company-secure.com,Interview Schedule,0,1,3,1,101,0,margaretallen company secure com,interview schedule,company-secure.com,2
210,clairebrown@paypal-alert.com,Invoice Attached,0,1,4,0,187,0,clairebrown paypal alert com,invoice attached,paypal-alert.com,2
211,nicolelivingston@company-secure.com,Project Update,0,1,2,1,85,0,nicolelivingston company secure com,project update,company-secure.com,2
212,qbaker@gmail.com,Claim Your Reward Now,0,1,9,3,60,1,qbaker gmail com,claim your reward now,gmail.com,4
213,qschmidt@gmail.com,Suspicious Login Attempt,1,0,7,6,30,1,qschmidt gmail com,suspicious login attempt,gmail.com,3
214,james47@outlook.com,Invoice Attached,1,0,3,2,280,0,james47 outlook com,invoice attached,outlook.com,2
215,qleon@company-secure.com,Claim Your Reward Now,1,0,8,5,51,1,qleon company secure com,claim your reward now,company-secure.com,4
216,jpugh@paypal-alert.com,Project Update,1,1,4,0,161,0,jpugh paypal alert com,project update,paypal-alert.com,2
217,thenderson@outlook.com,Urgent Account Verification,1,0,7,7,71,1,thenderson outlook com,urgent account verification,outlook.com,3
218,nicholasmueller@company-secure.com,Interview Schedule,0,1,3,2,81,0,nicholasmueller company secure com,interview schedule,company-secure.com,2
219,jill57@bankverify.net,Bank Account Locked,1,1,7,3,71,1,jill57 bankverify net,bank account locked,bankverify.net,3
220,denisedavis@bankverify.net,Urgent Account Verification,1,1,10,7,118,1,denisedavis bankverify net,urgent account verification,bankverify.net,3
221,gsmith@paypal-alert.com,Suspicious Login Attempt,1,1,10,5,79,1,gsmith paypal alert com,suspicious login attempt,paypal-alert.com,3
222,bbest@gmail.com,Claim Your Reward Now,0,0,10,7,57,1,bbest gmail com,claim your reward now,gmail.com,4
223,adodson@paypal-alert.com,Weekly Newsletter,1,0,2,1,255,0,adodson paypal alert com,weekly newsletter,paypal-alert.com,2
224,nicholasburns@paypal-alert.com,Project Update,0,0,4,0,83,0,nicholasburns paypal alert com,project update,paypal-alert.com,2
225,james54@gmail.com,Urgent Account Verification,1,0,10,9,47,1,james54 gmail com,urgent account verification,gmail.com,3
226,sydneykoch@bankverify.net,Project Update,0,1,4,0,297,0,sydneykoch bankverify net,project update,bankverify.net,2
227,maystracy@bankverify.net,Claim Your Reward Now,1,0,10,5,112,1,maystracy bankverify net,claim your reward now,bankverify.net,4
228,melanie08@outlook.com,Your Password Will Expire,0,0,10,4,119,1,melanie08 outlook com,your password will expire,outlook.com,4
229,mary02@outlook.com,Suspicious Login Attempt,1,0,10,4,49,1,mary02 outlook com,suspicious login attempt,outlook.com,3
230,roberthart@bankverify.net,Urgent Account Verification,0,1,7,8,78,1,roberthart bankverify net,urgent account verification,bankverify.net,3
231,smithana@paypal-alert.com,Suspicious Login Attempt,1,0,8,7,45,1,smithana paypal alert com,suspicious login attempt,paypal-alert.com,3
232,zbowen@bankverify.net,Suspicious Login Attempt,1,1,10,7,74,1,zbowen bankverify net,suspicious login attempt,bankverify.net,3
233,hopkinsderek@paypal-alert.com,Bank Account Locked,0,1,9,10,26,1,hopkinsderek paypal alert com,bank account locked,paypal-alert.com,3
234,martinezerica@bankverify.net,Claim Your Reward Now,1,1,8,4,112,1,martinezerica bankverify net,claim your reward now,bankverify.net,4
235,kevin71@bankverify.net,Bank Account Locked,1,0,9,7,107,1,kevin71 bankverify net,bank account locked,bankverify.net,3
236,jacob43@outlook.com,Suspicious Login Attempt,1,1,8,4,103,1,jacob43 outlook com,suspicious login attempt,outlook.com,3
237,qcannon@paypal-alert.com,Urgent Account Verification,0,1,8,3,46,1,qcannon paypal alert com,urgent account verification,paypal-alert.com,3
238,pbarrett@gmail.com,Invoice Attached,1,1,2,1,275,0,pbarrett gmail com,invoice attached,gmail.com,2
239,wilsonana@paypal-alert.com,Interview Schedule,1,0,4,1,231,0,wilsonana paypal alert com,interview schedule,paypal-alert.com,2
240,jnewton@outlook.com,Weekly Newsletter,0,0,3,0,223,0,jnewton outlook com,weekly newsletter,outlook.com,2
241,ricedaniel@paypal-alert.com,Interview Schedule,1,1,5,0,192,0,ricedaniel paypal alert com,interview schedule,paypal-alert.com,2
242,rojaschristopher@bankverify.net,Claim Your Reward Now,1,1,8,5,72,1,rojaschristopher bankverify net,claim your reward now,bankverify.net,4
243,ovargas@bankverify.net,Invoice Attached,0,0,1,0,141,0,ovargas bankverify net,invoice attached,bankverify.net,2
244,qsimmons@company-secure.com,Your Password Will Expire,1,1,8,4,64,1,qsimmons company secure com,your password will expire,company-secure.com,4
245,iwhitaker@company-secure.com,Project Update,0,1,1,1,265,0,iwhitaker company secure com,project update,company-secure.com,2
246,ericahudson@bankverify.net,Invoice Attached,1,0,5,2,209,0,ericahudson bankverify net,invoice attached,bankverify.net,2
247,rlopez@company-secure.com,Suspicious Login Attempt,1,0,10,5,53,1,rlopez company secure com,suspicious login attempt,company-secure.com,3
248,cheryl28@outlook.com,Bank Account Locked,1,1,10,4,92,1,cheryl28 outlook com,bank account locked,outlook.com,3
249,ndavidson@gmail.com,Your Password Will Expire,1,0,9,9,66,1,ndavidson gmail com,your password will expire,gmail.com,4
250,bellroger@gmail.com,Urgent Account Verification,1,1,9,6,34,1,bellroger gmail com,urgent account verification,gmail.com,3
251,williamsanna@outlook.com,Claim Your Reward Now,1,0,7,3,116,1,williamsanna outlook com,claim your reward now,outlook.com,4
252,shelby44@outlook.com,Your Password Will Expire,1,0,10,5,80,1,shelby44 outlook com,your password will expire,outlook.com,4
253,annesmith@outlook.com,Interview Schedule,0,1,2,0,84,0,annesmith outlook com,interview schedule,outlook.com,2
254,mphillips@paypal-alert.com,Invoice Attached,1,1,3,2,283,0,mphillips paypal alert com,invoice attached,paypal-alert.com,2
255,martinezmichael@company-secure.com,Your Password Will Expire,0,0,8,7,107,1,martinezmichael company secure com,your password will expire,company-secure.com,4
256,lesliesmith@gmail.com,Suspicious Login Attempt,1,1,7,10,65,1,lesliesmith gmail com,suspicious login attempt,gmail.com,3
257,eric39@outlook.com,Meeting Reminder,1,1,2,0,145,0,eric39 outlook com,meeting reminder,outlook.com,2
258,teresa91@gmail.com,Weekly Newsletter,1,1,3,1,116,0,teresa91 gmail com,weekly newsletter,gmail.com,2
259,sydneyryan@paypal-alert.com,Urgent Account Verification,1,0,8,9,118,1,sydneyryan paypal alert com,urgent account verification,paypal-alert.com,3
260,ogeorge@bankverify.net,Invoice Attached,1,1,2,0,201,0,ogeorge bankverify net,invoice attached,bankverify.net,2
261,fdecker@gmail.com,Invoice Attached,0,0,5,0,206,0,fdecker gmail com,invoice attached,gmail.com,2
262,david62@paypal-alert.com,Bank Account Locked,1,1,9,4,25,1,david62 paypal alert com,bank account locked,paypal-alert.com,3
263,rrivera@paypal-alert.com,Suspicious Login Attempt,1,0,10,4,43,1,rrivera paypal alert com,suspicious login attempt,paypal-alert.com,3
264,harveyandre@bankverify.net,Urgent Account Verification,1,0,8,7,92,1,harveyandre bankverify net,urgent account verification,bankverify.net,3
265,randymartin@outlook.com,Claim Your Reward Now,1,1,9,10,58,1,randymartin outlook com,claim your reward now,outlook.com,4
266,tammy16@outlook.com,Weekly Newsletter,0,1,4,1,99,0,tammy16 outlook com,weekly newsletter,outlook.com,2
267,david66@company-secure.com,Invoice Attached,1,0,3,2,231,0,david66 company secure com,invoice attached,company-secure.com,2
268,hwright@paypal-alert.com,Meeting Reminder,0,1,5,1,80,0,hwright paypal alert com,meeting reminder,paypal-alert.com,2
269,grahamdawn@outlook.com,Invoice Attached,0,0,4,2,199,0,grahamdawn outlook com,invoice attached,outlook.com,2
270,aaronchapman@company-secure.com,Bank Account Locked,1,1,8,7,107,1,aaronchapman company secure com,bank account locked,company-secure.com,3
271,weisscollin@paypal-alert.com,Bank Account Locked,1,1,9,6,83,1,weisscollin paypal alert com,bank account locked,paypal-alert.com,3
272,jordan55@company-secure.com,Weekly Newsletter,1,1,2,0,114,0,jordan55 company secure com,weekly newsletter,company-secure.com,2
273,jacobsjonathan@company-secure.com,Your Password Will Expire,1,1,7,4,82,1,jacobsjonathan company secure com,your password will expire,company-secure.com,4
274,phillipgomez@company-secure.com,Project Update,1,0,2,2,128,0,phillipgomez company secure com,project update,company-secure.com,2
275,smithmisty@paypal-alert.com,Suspicious Login Attempt,1,1,8,9,111,1,smithmisty paypal alert com,suspicious login attempt,paypal-alert.com,3
276,nancy51@paypal-alert.com,Meeting Reminder,1,1,3,0,241,0,nancy51 paypal alert com,meeting reminder,paypal-alert.com,2
277,joseph44@bankverify.net,Claim Your Reward Now,1,1,8,3,38,1,joseph44 bankverify net,claim your reward now,bankverify.net,4
278,susan38@outlook.com,Interview Schedule,1,0,2,1,153,0,susan38 outlook com,interview schedule,outlook.com,2
279,rileylucas@gmail.com,Invoice Attached,1,1,5,0,176,0,rileylucas gmail com,invoice attached,gmail.com,2
280,jerry07@company-secure.com,Weekly Newsletter,0,1,5,0,250,0,jerry07 company secure com,weekly newsletter,company-secure.com,2
281,ortizsandra@company-secure.com,Urgent Account Verification,1,1,7,6,118,1,ortizsandra company secure com,urgent account verification,company-secure.com,3
282,hwright@company-secure.com,Bank Account Locked,1,0,9,6,23,1,hwright company secure com,bank account locked,company-secure.com,3
283,ibowman@bankverify.net,Weekly Newsletter,0,1,1,2,255,0,ibowman bankverify net,weekly newsletter,bankverify.net,2
284,parkerwilliam@gmail.com,Claim Your Reward Now,1,0,8,3,112,1,parkerwilliam gmail com,claim your reward now,gmail.com,4
285,morrowsue@paypal-alert.com,Your Password Will Expire,1,0,8,6,27,1,morrowsue paypal alert com,your password will expire,paypal-alert.com,4
286,ijohnson@company-secure.com,Bank Account Locked,0,0,10,5,76,1,ijohnson company secure com,bank account locked,company-secure.com,3
287,leesean@outlook.com,Suspicious Login Attempt,1,1,8,7,65,1,leesean outlook com,suspicious login attempt,outlook.com,3
288,xmeadows@company-secure.com,Meeting Reminder,1,1,4,0,154,0,xmeadows company secure com,meeting reminder,company-secure.com,2
289,melissa87@bankverify.net,Interview Schedule,0,0,3,2,196,0,melissa87 bankverify net,interview schedule,bankverify.net,2
290,elizabethperez@outlook.com,Bank Account Locked,1,0,8,10,24,1,elizabethperez outlook com,bank account locked,outlook.com,3
291,makayla38@outlook.com,Meeting Reminder,0,0,4,0,122,0,makayla38 outlook com,meeting reminder,outlook.com,2
292,tonya83@paypal-alert.com,Meeting Reminder,1,0,5,0,127,0,tonya83 paypal alert com,meeting reminder,paypal-alert.com,2
293,justinstevens@bankverify.net,Project Update,1,0,5,0,96,0,justinstevens bankverify net,project update,bankverify.net,2
294,robertbender@outlook.com,Your Password Will Expire,1,1,9,4,38,1,robertbender outlook com,your password will expire,outlook.com,4
295,wdorsey@bankverify.net,Weekly Newsletter,0,0,1,2,98,0,wdorsey bankverify net,weekly newsletter,bankverify.net,2
296,zacharybrown@gmail.com,Claim Your Reward Now,1,1,10,8,85,1,zacharybrown gmail com,claim your reward now,gmail.com,4
297,bridget24@company-secure.com,Suspicious Login Attempt,0,0,10,5,101,1,bridget24 company secure com,suspicious login attempt,company-secure.com,3
298,walkerjennifer@company-secure.com,Claim Your Reward Now,1,1,8,7,64,1,walkerjennifer company secure com,claim your reward now,company-secure.com,4
299,seanlindsey@paypal-alert.com,Weekly Newsletter,1,1,2,1,83,0,seanlindsey paypal alert com,weekly newsletter,paypal-alert.com,2
300,irojas@outlook.com,Meeting Reminder,0,0,3,0,100,0,irojas outlook com,meeting reminder,outlook.com,2
301,margaret87@bankverify.net,Meeting Reminder,0,0,1,2,168,0,margaret87 bankverify net,meeting reminder,bankverify.net,2
302,cory15@gmail.com,Bank Account Locked,0,0,10,10,55,1,cory15 gmail com,bank account locked,gmail.com,3
303,bglover@company-secure.com,Weekly Newsletter,1,0,2,2,112,0,bglover company secure com,weekly newsletter,company-secure.com,2
304,crawfordjay@outlook.com,Claim Your Reward Now,0,0,10,7,43,1,crawfordjay outlook com,claim your reward now,outlook.com,4
305,ibruce@gmail.com,Suspicious Login Attempt,0,1,10,6,73,1,ibruce gmail com,suspicious login attempt,gmail.com,3
306,robert05@paypal-alert.com,Invoice Attached,0,1,2,0,193,0,robert05 paypal alert com,invoice attached,paypal-alert.com,2
307,swatson@bankverify.net,Urgent Account Verification,0,0,7,3,91,1,swatson bankverify net,urgent account verification,bankverify.net,3
308,hmills@bankverify.net,Claim Your Reward Now,1,1,8,9,112,1,hmills bankverify net,claim your reward now,bankverify.net,4
309,kevin64@outlook.com,Weekly Newsletter,1,1,4,1,280,0,kevin64 outlook com,weekly newsletter,outlook.com,2
310,greenecarlos@outlook.com,Suspicious Login Attempt,1,1,8,5,90,1,greenecarlos outlook com,suspicious login attempt,outlook.com,3
311,leslie32@paypal-alert.com,Claim Your Reward Now,1,0,7,7,35,1,leslie32 paypal alert com,claim your reward now,paypal-alert.com,4
312,vaustin@gmail.com,Invoice Attached,0,0,4,2,164,0,vaustin gmail com,invoice attached,gmail.com,2
313,sellersjohn@gmail.com,Claim Your Reward Now,1,0,10,9,36,1,sellersjohn gmail com,claim your reward now,gmail.com,4
314,david05@bankverify.net,Invoice Attached,1,0,4,1,80,0,david05 bankverify net,invoice attached,bankverify.net,2
315,ronaldrivers@bankverify.net,Suspicious Login Attempt,1,1,10,9,82,1,ronaldrivers bankverify net,suspicious login attempt,bankverify.net,3
316,scottbarry@gmail.com,Your Password Will Expire,1,0,8,3,98,1,scottbarry gmail com,your password will expire,gmail.com,4
317,nelsondana@paypal-alert.com,Weekly Newsletter,1,1,2,1,184,0,nelsondana paypal alert com,weekly newsletter,paypal-alert.com,2
318,briannelson@bankverify.net,Project Update,1,1,5,0,259,0,briannelson bankverify net,project update,bankverify.net,2
319,josephanderson@outlook.com,Claim Your Reward Now,1,1,7,4,106,1,josephanderson outlook com,claim your reward now,outlook.com,4
320,haydenchristopher@gmail.com,Meeting Reminder,1,0,1,1,288,0,haydenchristopher gmail com,meeting reminder,gmail.com,2
321,charles46@outlook.com,Weekly Newsletter,1,1,2,0,264,0,charles46 outlook com,weekly newsletter,outlook.com,2
322,nicolepatterson@gmail.com,Claim Your Reward Now,1,0,10,7,45,1,nicolepatterson gmail com,claim your reward now,gmail.com,4
323,brian23@bankverify.net,Project Update,0,1,4,2,97,0,brian23 bankverify net,project update,bankverify.net,2
324,xcooper@company-secure.com,Meeting Reminder,0,1,4,1,172,0,xcooper company secure com,meeting reminder,company-secure.com,2
325,drusso@company-secure.com,Interview Schedule,0,0,4,1,287,0,drusso company secure com,interview schedule,company-secure.com,2
326,william19@paypal-alert.com,Suspicious Login Attempt,1,1,9,9,119,1,william19 paypal alert com,suspicious login attempt,paypal-alert.com,3
327,bradley38@bankverify.net,Invoice Attached,0,0,5,0,300,0,bradley38 bankverify net,invoice attached,bankverify.net,2
328,lschroeder@outlook.com,Project Update,0,0,2,2,134,0,lschroeder outlook com,project update,outlook.com,2
329,jared55@gmail.com,Meeting Reminder,0,1,4,0,300,0,jared55 gmail com,meeting reminder,gmail.com,2
330,michaelkelly@outlook.com,Invoice Attached,1,0,2,2,244,0,michaelkelly outlook com,invoice attached,outlook.com,2
331,smithchristina@outlook.com,Interview Schedule,0,0,4,0,149,0,smithchristina outlook com,interview schedule,outlook.com,2
332,alexander58@paypal-alert.com,Project Update,1,0,5,1,239,0,alexander58 paypal alert com,project update,paypal-alert.com,2
333,michele87@gmail.com,Claim Your Reward Now,1,0,8,10,79,1,michele87 gmail com,claim your reward now,gmail.com,4
334,david77@outlook.com,Claim Your Reward Now,1,1,10,6,99,1,david77 outlook com,claim your reward now,outlook.com,4
335,davidsonkristina@gmail.com,Weekly Newsletter,1,1,3,0,147,0,davidsonkristina gmail com,weekly newsletter,gmail.com,2
336,michaelklein@company-secure.com,Bank Account Locked,0,0,8,7,32,1,michaelklein company secure com,bank account locked,company-secure.com,3
337,greensue@outlook.com,Weekly Newsletter,0,1,4,1,179,0,greensue outlook com,weekly newsletter,outlook.com,2
338,qpierce@outlook.com,Weekly Newsletter,1,0,3,1,256,0,qpierce outlook com,weekly newsletter,outlook.com,2
339,qnguyen@company-secure.com,Interview Schedule,0,1,3,0,275,0,qnguyen company secure com,interview schedule,company-secure.com,2
340,zrose@gmail.com,Meeting Reminder,0,1,3,2,146,0,zrose gmail com,meeting reminder,gmail.com,2
341,xjordan@bankverify.net,Meeting Reminder,1,1,1,1,295,0,xjordan bankverify net,meeting reminder,bankverify.net,2
342,vangkerri@bankverify.net,Claim Your Reward Now,0,1,9,9,21,1,vangkerri bankverify net,claim your reward now,bankverify.net,4
343,ljohnson@gmail.com,Suspicious Login Attempt,1,1,10,8,120,1,ljohnson gmail com,suspicious login attempt,gmail.com,3
344,qaguilar@gmail.com,Meeting Reminder,0,0,2,0,96,0,qaguilar gmail com,meeting reminder,gmail.com,2
345,wheelerjordan@outlook.com,Invoice Attached,0,0,1,1,294,0,wheelerjordan outlook com,invoice attached,outlook.com,2
346,heathermcdonald@paypal-alert.com,Invoice Attached,1,0,3,2,210,0,heathermcdonald paypal alert com,invoice attached,paypal-alert.com,2
347,richardgraves@bankverify.net,Invoice Attached,1,1,3,2,85,0,richardgraves bankverify net,invoice attached,bankverify.net,2
348,washingtonspencer@paypal-alert.com,Project Update,0,0,1,0,83,0,washingtonspencer paypal alert com,project update,paypal-alert.com,2
349,chadmyers@paypal-alert.com,Project Update,0,0,4,0,144,0,chadmyers paypal alert com,project update,paypal-alert.com,2
350,hmcintyre@company-secure.com,Bank Account Locked,0,0,10,9,96,1,hmcintyre company secure com,bank account locked,company-secure.com,3
351,heatherjones@gmail.com,Claim Your Reward Now,1,1,10,4,112,1,heatherjones gmail com,claim your reward now,gmail.com,4
352,timothy08@paypal-alert.com,Interview Schedule,1,1,5,0,155,0,timothy08 paypal alert com,interview schedule,paypal-alert.com,2
353,ghopkins@bankverify.net,Weekly Newsletter,0,1,3,0,248,0,ghopkins bankverify net,weekly newsletter,bankverify.net,2
354,shelbymoore@gmail.com,Suspicious Login Attempt,1,1,8,8,63,1,shelbymoore gmail com,suspicious login attempt,gmail.com,3
355,sherryking@gmail.com,Bank Account Locked,1,0,8,4,60,1,sherryking gmail com,bank account locked,gmail.com,3
356,pturner@company-secure.com,Your Password Will Expire,1,0,9,6,49,1,pturner company secure com,your password will expire,company-secure.com,4
357,brenda77@bankverify.net,Suspicious Login Attempt,1,0,10,4,89,1,brenda77 bankverify net,suspicious login attempt,bankverify.net,3
358,whitney09@outlook.com,Interview Schedule,1,0,5,0,126,0,whitney09 outlook com,interview schedule,outlook.com,2
359,brandon48@outlook.com,Meeting Reminder,0,0,4,1,160,0,brandon48 outlook com,meeting reminder,outlook.com,2
360,ashley96@paypal-alert.com,Bank Account Locked,1,1,10,5,42,1,ashley96 paypal alert com,bank account locked,paypal-alert.com,3
361,jonesmichelle@gmail.com,Project Update,1,1,5,1,263,0,jonesmichelle gmail com,project update,gmail.com,2
362,lauraruiz@company-secure.com,Weekly Newsletter,1,1,2,0,218,0,lauraruiz company secure com,weekly newsletter,company-secure.com,2
363,christopherbush@outlook.com,Claim Your Reward Now,1,1,10,8,28,1,christopherbush outlook com,claim your reward now,outlook.com,4
364,brandon31@gmail.com,Urgent Account Verification,0,1,9,10,42,1,brandon31 gmail com,urgent account verification,gmail.com,3
365,jeffersonlinda@gmail.com,Meeting Reminder,1,1,2,1,91,0,jeffersonlinda gmail com,meeting reminder,gmail.com,2
366,jeffedwards@paypal-alert.com,Invoice Attached,1,1,4,0,299,0,jeffedwards paypal alert com,invoice attached,paypal-alert.com,2
367,washingtonjoshua@outlook.com,Meeting Reminder,0,0,4,0,160,0,washingtonjoshua outlook com,meeting reminder,outlook.com,2
368,darrellbradley@paypal-alert.com,Claim Your Reward Now,0,0,10,8,77,1,darrellbradley paypal alert com,claim your reward now,paypal-alert.com,4
369,schultzmichael@bankverify.net,Project Update,1,0,3,1,298,0,schultzmichael bankverify net,project update,bankverify.net,2
370,brittany38@paypal-alert.com,Suspicious Login Attempt,1,0,7,9,36,1,brittany38 paypal alert com,suspicious login attempt,paypal-alert.com,3
371,seanbell@outlook.com,Invoice Attached,0,0,3,2,243,0,seanbell outlook com,invoice attached,outlook.com,2
372,angela30@outlook.com,Bank Account Locked,1,0,8,5,58,1,angela30 outlook com,bank account locked,outlook.com,3
373,ashleydaniel@bankverify.net,Project Update,1,1,3,0,228,0,ashleydaniel bankverify net,project update,bankverify.net,2
374,jimenezraymond@company-secure.com,Interview Schedule,1,0,3,2,195,0,jimenezraymond company secure com,interview schedule,company-secure.com,2
375,sean21@paypal-alert.com,Meeting Reminder,0,0,2,2,204,0,sean21 paypal alert com,meeting reminder,paypal-alert.com,2
376,heather36@outlook.com,Meeting Reminder,1,1,3,1,194,0,heather36 outlook com,meeting reminder,outlook.com,2
377,mholder@company-secure.com,Weekly Newsletter,0,0,1,2,205,0,mholder company secure com,weekly newsletter,company-secure.com,2
378,bryantedward@paypal-alert.com,Interview Schedule,1,1,1,1,170,0,bryantedward paypal alert com,interview schedule,paypal-alert.com,2
379,parsonstheodore@outlook.com,Meeting Reminder,1,1,3,0,267,0,parsonstheodore outlook com,meeting reminder,outlook.com,2
380,collinbrooks@company-secure.com,Urgent Account Verification,1,1,10,4,81,1,collinbrooks company secure com,urgent account verification,company-secure.com,3
381,icooley@paypal-alert.com,Urgent Account Verification,1,1,10,7,116,1,icooley paypal alert com,urgent account verification,paypal-alert.com,3
382,jking@paypal-alert.com,Weekly Newsletter,1,0,1,0,138,0,jking paypal alert com,weekly newsletter,paypal-alert.com,2
383,wjohnston@bankverify.net,Bank Account Locked,1,1,8,8,61,1,wjohnston bankverify net,bank account locked,bankverify.net,3
384,torresdebbie@outlook.com,Suspicious Login Attempt,0,0,10,6,108,1,torresdebbie outlook com,suspicious login attempt,outlook.com,3
385,emercer@bankverify.net,Interview Schedule,0,0,2,2,189,0,emercer bankverify net,interview schedule,bankverify.net,2
386,pmichael@paypal-alert.com,Your Password Will Expire,1,0,8,10,89,1,pmichael paypal alert com,your password will expire,paypal-alert.com,4
387,zgraham@bankverify.net,Claim Your Reward Now,1,1,7,3,45,1,zgraham bankverify net,claim your reward now,bankverify.net,4
388,sanchezmatthew@outlook.com,Claim Your Reward Now,1,0,10,10,78,1,sanchezmatthew outlook com,claim your reward now,outlook.com,4
389,andreamontoya@gmail.com,Bank Account Locked,1,0,10,6,22,1,andreamontoya gmail com,bank account locked,gmail.com,3
390,ngraves@outlook.com,Interview Schedule,1,1,3,1,208,0,ngraves outlook com,interview schedule,outlook.com,2
391,logansheri@company-secure.com,Meeting Reminder,0,0,3,1,300,0,logansheri company secure com,meeting reminder,company-secure.com,2
392,ramosmark@gmail.com,Claim Your Reward Now,0,0,9,9,97,1,ramosmark gmail com,claim your reward now,gmail.com,4
393,wwells@outlook.com,Weekly Newsletter,1,0,4,2,290,0,wwells outlook com,weekly newsletter,outlook.com,2
394,xhenderson@outlook.com,Urgent Account Verification,1,0,8,9,76,1,xhenderson outlook com,urgent account verification,outlook.com,3
395,dianabrady@company-secure.com,Project Update,0,0,5,0,253,0,dianabrady company secure com,project update,company-secure.com,2
396,jennifer88@bankverify.net,Bank Account Locked,0,1,7,6,79,1,jennifer88 bankverify net,bank account locked,bankverify.net,3
397,joshua91@gmail.com,Meeting Reminder,0,1,3,1,83,0,joshua91 gmail com,meeting reminder,gmail.com,2
398,stacey71@bankverify.net,Your Password Will Expire,1,0,7,3,59,1,stacey71 bankverify net,your password will expire,bankverify.net,4
399,keith02@gmail.com,Project Update,0,1,3,0,277,0,keith02 gmail com,project update,gmail.com,2
400,patrick85@paypal-alert.com,Bank Account Locked,0,0,7,9,56,1,patrick85 paypal alert com,bank account locked,paypal-alert.com,3
401,melanie62@gmail.com,Invoice Attached,1,1,5,0,215,0,melanie62 gmail com,invoice attached,gmail.com,2
402,owheeler@outlook.com,Urgent Account Verification,1,1,9,9,55,1,owheeler outlook com,urgent account verification,outlook.com,3
403,pgarcia@paypal-alert.com,Interview Schedule,1,1,3,2,149,0,pgarcia paypal alert com,interview schedule,paypal-alert.com,2
404,ryanhughes@company-secure.com,Meeting Reminder,1,1,3,0,222,0,ryanhughes company secure com,meeting reminder,company-secure.com,2
405,eric87@bankverify.net,Urgent Account Verification,0,1,8,8,85,1,eric87 bankverify net,urgent account verification,bankverify.net,3
406,smurray@gmail.com,Invoice Attached,0,1,3,1,279,0,smurray gmail com,invoice attached,gmail.com,2
407,kkeith@outlook.com,Interview Schedule,0,1,2,2,242,0,kkeith outlook com,interview schedule,outlook.com,2
408,mcdonaldjoanne@paypal-alert.com,Meeting Reminder,0,1,5,1,110,0,mcdonaldjoanne paypal alert com,meeting reminder,paypal-alert.com,2
409,ymorrison@gmail.com,Weekly Newsletter,0,0,3,0,287,0,ymorrison gmail com,weekly newsletter,gmail.com,2
410,catherinemayo@gmail.com,Weekly Newsletter,0,0,3,0,289,0,catherinemayo gmail com,weekly newsletter,gmail.com,2
411,johnsuarez@gmail.com,Bank Account Locked,1,0,10,8,42,1,johnsuarez gmail com,bank account locked,gmail.com,3
412,rachel11@bankverify.net,Interview Schedule,0,0,1,1,101,0,rachel11 bankverify net,interview schedule,bankverify.net,2
413,henrymarie@company-secure.com,Invoice Attached,1,1,4,0,176,0,henrymarie company secure com,invoice attached,company-secure.com,2
414,larry61@company-secure.com,Meeting Reminder,1,1,1,1,211,0,larry61 company secure com,meeting reminder,company-secure.com,2
415,fisherjoseph@gmail.com,Weekly Newsletter,0,0,5,0,280,0,fisherjoseph gmail com,weekly newsletter,gmail.com,2
416,edunn@company-secure.com,Project Update,0,1,1,2,265,0,edunn company secure com,project update,company-secure.com,2
417,travisbrennan@outlook.com,Claim Your Reward Now,1,1,9,3,63,1,travisbrennan outlook com,claim your reward now,outlook.com,4
418,robertanderson@outlook.com,Weekly Newsletter,1,1,5,0,159,0,robertanderson outlook com,weekly newsletter,outlook.com,2
419,tiffanycurtis@bankverify.net,Interview Schedule,0,0,2,1,83,0,tiffanycurtis bankverify net,interview schedule,bankverify.net,2
420,wdecker@paypal-alert.com,Meeting Reminder,1,1,5,2,204,0,wdecker paypal alert com,meeting reminder,paypal-alert.com,2
421,hartmanrobert@gmail.com,Invoice Attached,1,0,1,0,114,0,hartmanrobert gmail com,invoice attached,gmail.com,2
422,levyalex@gmail.com,Interview Schedule,0,1,1,1,264,0,levyalex gmail com,interview schedule,gmail.com,2
423,patrick88@gmail.com,Your Password Will Expire,1,1,9,7,78,1,patrick88 gmail com,your password will expire,gmail.com,4
424,higginscarmen@bankverify.net,Your Password Will Expire,0,1,8,10,76,1,higginscarmen bankverify net,your password will expire,bankverify.net,4
425,jonesgeorge@bankverify.net,Weekly Newsletter,1,1,2,2,246,0,jonesgeorge bankverify net,weekly newsletter,bankverify.net,2
426,christinefields@outlook.com,Suspicious Login Attempt,0,0,10,8,111,1,christinefields outlook com,suspicious login attempt,outlook.com,3
427,juarezjennifer@bankverify.net,Suspicious Login Attempt,1,0,10,4,60,1,juarezjennifer bankverify net,suspicious login attempt,bankverify.net,3
428,thomashale@bankverify.net,Meeting Reminder,0,1,1,1,155,0,thomashale bankverify net,meeting reminder,bankverify.net,2
429,obaker@paypal-alert.com,Your Password Will Expire,1,0,7,7,71,1,obaker paypal alert com,your password will expire,paypal-alert.com,4
430,alisonconrad@company-secure.com,Claim Your Reward Now,1,0,9,3,119,1,alisonconrad company secure com,claim your reward now,company-secure.com,4
431,xwright@gmail.com,Claim Your Reward Now,1,1,8,6,55,1,xwright gmail com,claim your reward now,gmail.com,4
432,burnslee@bankverify.net,Bank Account Locked,1,1,8,10,111,1,burnslee bankverify net,bank account locked,bankverify.net,3
433,wdoyle@bankverify.net,Suspicious Login Attempt,1,1,8,3,39,1,wdoyle bankverify net,suspicious login attempt,bankverify.net,3
434,gregoryhooper@outlook.com,Project Update,1,1,5,1,249,0,gregoryhooper outlook com,project update,outlook.com,2
435,devinmcbride@gmail.com,Your Password Will Expire,0,1,9,9,91,1,devinmcbride gmail com,your password will expire,gmail.com,4
436,miguel91@company-secure.com,Meeting Reminder,0,1,4,2,136,0,miguel91 company secure com,meeting reminder,company-secure.com,2
437,ajacobs@paypal-alert.com,Bank Account Locked,0,1,10,4,35,1,ajacobs paypal alert com,bank account locked,paypal-alert.com,3
438,zwhite@bankverify.net,Invoice Attached,1,1,2,0,233,0,zwhite bankverify net,invoice attached,bankverify.net,2
439,jvaughn@paypal-alert.com,Project Update,1,1,1,2,145,0,jvaughn paypal alert com,project update,paypal-alert.com,2
440,kvelasquez@paypal-alert.com,Meeting Reminder,0,1,5,1,121,0,kvelasquez paypal alert com,meeting reminder,paypal-alert.com,2
441,jayholmes@bankverify.net,Weekly Newsletter,1,1,3,1,145,0,jayholmes bankverify net,weekly newsletter,bankverify.net,2
442,stephaniewebster@paypal-alert.com,Weekly Newsletter,0,0,3,1,157,0,stephaniewebster paypal alert com,weekly newsletter,paypal-alert.com,2
443,richarddaniel@company-secure.com,Suspicious Login Attempt,0,0,7,9,48,1,richarddaniel company secure com,suspicious login attempt,company-secure.com,3
444,yhendrix@outlook.com,Bank Account Locked,1,0,8,7,71,1,yhendrix outlook com,bank account locked,outlook.com,3
445,willieriley@gmail.com,Claim Your Reward Now,1,1,9,4,100,1,willieriley gmail com,claim your reward now,gmail.com,4
446,spencer81@paypal-alert.com,Claim Your Reward Now,1,1,8,4,106,1,spencer81 paypal alert com,claim your reward now,paypal-alert.com,4
447,carlfields@gmail.com,Urgent Account Verification,1,1,8,9,56,1,carlfields gmail com,urgent account verification,gmail.com,3
448,lisawiggins@bankverify.net,Interview Schedule,0,1,4,1,185,0,lisawiggins bankverify net,interview schedule,bankverify.net,2
449,amanda74@outlook.com,Suspicious Login Attempt,1,1,8,5,41,1,amanda74 outlook com,suspicious login attempt,outlook.com,3
450,dorothylove@paypal-alert.com,Meeting Reminder,1,1,3,1,92,0,dorothylove paypal alert com,meeting reminder,paypal-alert.com,2
451,kathrynreyes@bankverify.net,Interview Schedule,1,1,4,2,193,0,kathrynreyes bankverify net,interview schedule,bankverify.net,2
452,rmichael@outlook.com,Bank Account Locked,1,1,10,3,27,1,rmichael outlook com,bank account locked,outlook.com,3
453,alexa03@outlook.com,Claim Your Reward Now,1,0,10,3,113,1,alexa03 outlook com,claim your reward now,outlook.com,4
454,haley13@bankverify.net,Claim Your Reward Now,1,0,8,7,44,1,haley13 bankverify net,claim your reward now,bankverify.net,4
455,cole54@company-secure.com,Suspicious Login Attempt,1,1,7,10,75,1,cole54 company secure com,suspicious login attempt,company-secure.com,3
456,heidimendoza@gmail.com,Meeting Reminder,1,0,4,0,140,0,heidimendoza gmail com,meeting reminder,gmail.com,2
457,johnathan21@bankverify.net,Weekly Newsletter,0,1,3,1,293,0,johnathan21 bankverify net,weekly newsletter,bankverify.net,2
458,jacquelineelliott@outlook.com,Interview Schedule,0,1,5,1,102,0,jacquelineelliott outlook com,interview schedule,outlook.com,2
459,moconnor@paypal-alert.com,Invoice Attached,1,1,2,1,174,0,moconnor paypal alert com,invoice attached,paypal-alert.com,2
460,freemankaylee@company-secure.com,Invoice Attached,0,0,2,2,238,0,freemankaylee company secure com,invoice attached,company-secure.com,2
461,davissteven@paypal-alert.com,Urgent Account Verification,1,0,9,3,92,1,davissteven paypal alert com,urgent account verification,paypal-alert.com,3
462,elizabethwalker@paypal-alert.com,Meeting Reminder,0,1,5,0,201,0,elizabethwalker paypal alert com,meeting reminder,paypal-alert.com,2
463,kimberlygreene@company-secure.com,Claim Your Reward Now,1,0,8,7,120,1,kimberlygreene company secure com,claim your reward now,company-secure.com,4
464,gbailey@gmail.com,Your Password Will Expire,1,1,7,4,105,1,gbailey gmail com,your password will expire,gmail.com,4
465,allensheila@gmail.com,Weekly Newsletter,1,0,1,1,102,0,allensheila gmail com,weekly newsletter,gmail.com,2
466,ebony26@paypal-alert.com,Interview Schedule,1,1,2,2,131,0,ebony26 paypal alert com,interview schedule,paypal-alert.com,2
467,marissa04@outlook.com,Urgent Account Verification,1,0,8,5,75,1,marissa04 outlook com,urgent account verification,outlook.com,3
468,tcurtis@outlook.com,Invoice Attached,1,0,1,2,119,0,tcurtis outlook com,invoice attached,outlook.com,2
469,qcollins@gmail.com,Bank Account Locked,0,1,9,9,22,1,qcollins gmail com,bank account locked,gmail.com,3
470,carlos23@paypal-alert.com,Claim Your Reward Now,0,0,7,3,29,1,carlos23 paypal alert com,claim your reward now,paypal-alert.com,4
471,rfranco@company-secure.com,Urgent Account Verification,0,0,10,7,71,1,rfranco company secure com,urgent account verification,company-secure.com,3
472,vowens@bankverify.net,Interview Schedule,1,0,5,2,124,0,vowens bankverify net,interview schedule,bankverify.net,2
473,sheltonmelissa@paypal-alert.com,Suspicious Login Attempt,1,1,10,8,58,1,sheltonmelissa paypal alert com,suspicious login attempt,paypal-alert.com,3
474,cmccullough@paypal-alert.com,Weekly Newsletter,0,0,4,2,279,0,cmccullough paypal alert com,weekly newsletter,paypal-alert.com,2
475,brittanyjohnson@bankverify.net,Weekly Newsletter,1,0,4,2,152,0,brittanyjohnson bankverify net,weekly newsletter,bankverify.net,2
476,jennyboyle@gmail.com,Urgent Account Verification,0,1,7,8,116,1,jennyboyle gmail com,urgent account verification,gmail.com,3
477,jasmine16@outlook.com,Invoice Attached,1,0,3,2,291,0,jasmine16 outlook com,invoice attached,outlook.com,2
478,trowland@gmail.com,Suspicious Login Attempt,0,0,8,3,88,1,trowland gmail com,suspicious login attempt,gmail.com,3
479,nicholasjones@outlook.com,Your Password Will Expire,0,1,9,3,26,1,nicholasjones outlook com,your password will expire,outlook.com,4
480,vedwards@paypal-alert.com,Suspicious Login Attempt,1,1,10,4,64,1,vedwards paypal alert com,suspicious login attempt,paypal-alert.com,3
481,christina11@company-secure.com,Your Password Will Expire,0,0,7,7,92,1,christina11 company secure com,your password will expire,company-secure.com,4
482,chadallen@bankverify.net,Claim Your Reward Now,1,0,7,6,112,1,chadallen bankverify net,claim your reward now,bankverify.net,4
483,browningmatthew@gmail.com,Weekly Newsletter,0,1,4,0,186,0,browningmatthew gmail com,weekly newsletter,gmail.com,2
484,martin33@bankverify.net,Invoice Attached,1,0,5,2,248,0,martin33 bankverify net,invoice attached,bankverify.net,2
485,medinajames@outlook.com,Bank Account Locked,1,1,9,6,42,1,medinajames outlook com,bank account locked,outlook.com,3
486,carriesmith@company-secure.com,Interview Schedule,1,1,1,2,292,0,carriesmith company secure com,interview schedule,company-secure.com,2
487,bfox@bankverify.net,Your Password Will Expire,1,1,9,7,101,1,bfox bankverify net,your password will expire,bankverify.net,4
488,jodyhernandez@outlook.com,Interview Schedule,1,0,2,2,105,0,jodyhernandez outlook com,interview schedule,outlook.com,2
489,audrey08@bankverify.net,Meeting Reminder,0,1,5,0,244,0,audrey08 bankverify net,meeting reminder,bankverify.net,2
490,ronald99@gmail.com,Urgent Account Verification,1,0,9,6,92,1,ronald99 gmail com,urgent account verification,gmail.com,3
491,garcialisa@bankverify.net,Interview Schedule,0,0,4,2,270,0,garcialisa bankverify net,interview schedule,bankverify.net,2
492,dylan82@paypal-alert.com,Your Password Will Expire,1,0,7,7,55,1,dylan82 paypal alert com,your password will expire,paypal-alert.com,4
493,pacheconancy@gmail.com,Project Update,0,0,2,0,165,0,pacheconancy gmail com,project update,gmail.com,2
494,juancoleman@bankverify.net,Interview Schedule,1,0,5,0,257,0,juancoleman bankverify net,interview schedule,bankverify.net,2
495,david49@bankverify.net,Invoice Attached,0,1,3,0,277,0,david49 bankverify net,invoice attached,bankverify.net,2
496,christopher14@outlook.com,Project Update,0,1,5,1,269,0,christopher14 outlook com,project update,outlook.com,2
497,alexandermonica@outlook.com,Claim Your Reward Now,1,0,7,5,85,1,alexandermonica outlook com,claim your reward now,outlook.com,4
498,pamelawilliams@paypal-alert.com,Claim Your Reward Now,1,0,7,5,81,1,pamelawilliams paypal alert com,claim your reward now,paypal-alert.com,4
499,ihernandez@bankverify.net,Project Update,0,1,2,1,96,0,ihernandez bankverify net,project update,bankverify.net,2
500,randy74@paypal-alert.com,Your Password Will Expire,0,1,7,7,46,1,randy74 paypal alert com,your password will expire,paypal-alert.com,4
501,diana54@bankverify.net,Suspicious Login Attempt,0,0,8,7,50,1,diana54 bankverify net,suspicious login attempt,bankverify.net,3
502,vanessa52@company-secure.com,Invoice Attached,0,1,4,1,216,0,vanessa52 company secure com,invoice attached,company-secure.com,2
503,newtonrick@company-secure.com,Suspicious Login Attempt,1,0,8,6,110,1,newtonrick company secure com,suspicious login attempt,company-secure.com,3
504,wheelerchristina@bankverify.net,Claim Your Reward Now,1,0,9,7,34,1,wheelerchristina bankverify net,claim your reward now,bankverify.net,4
505,glovergeorge@company-secure.com,Project Update,1,0,1,2,293,0,glovergeorge company secure com,project update,company-secure.com,2
506,dgarcia@bankverify.net,Suspicious Login Attempt,1,1,9,5,40,1,dgarcia bankverify net,suspicious login attempt,bankverify.net,3
507,jamesbarnett@gmail.com,Invoice Attached,1,0,5,0,190,0,jamesbarnett gmail com,invoice attached,gmail.com,2
508,ikerr@company-secure.com,Meeting Reminder,1,0,2,2,100,0,ikerr company secure com,meeting reminder,company-secure.com,2
509,pattersonmelissa@outlook.com,Project Update,0,1,4,0,83,0,pattersonmelissa outlook com,project update,outlook.com,2
510,noahmoore@company-secure.com,Bank Account Locked,1,1,8,4,81,1,noahmoore company secure com,bank account locked,company-secure.com,3
511,isimmons@paypal-alert.com,Bank Account Locked,1,1,9,5,30,1,isimmons paypal alert com,bank account locked,paypal-alert.com,3
512,tylerjones@paypal-alert.com,Your Password Will Expire,1,0,9,8,98,1,tylerjones paypal alert com,your password will expire,paypal-alert.com,4
513,joshuamurray@outlook.com,Meeting Reminder,1,0,1,2,173,0,joshuamurray outlook com,meeting reminder,outlook.com,2
514,vazquezmichelle@outlook.com,Your Password Will Expire,1,0,8,9,91,1,vazquezmichelle outlook com,your password will expire,outlook.com,4
515,jonesluis@company-secure.com,Suspicious Login Attempt,1,1,7,9,56,1,jonesluis company secure com,suspicious login attempt,company-secure.com,3
516,carlwalker@bankverify.net,Invoice Attached,1,0,5,2,299,0,carlwalker bankverify net,invoice attached,bankverify.net,2
517,nscott@bankverify.net,Your Password Will Expire,1,1,7,10,64,1,nscott bankverify net,your password will expire,bankverify.net,4
518,asullivan@paypal-alert.com,Bank Account Locked,1,0,9,7,70,1,asullivan paypal alert com,bank account locked,paypal-alert.com,3
519,jlewis@outlook.com,Project Update,1,0,5,0,219,0,jlewis outlook com,project update,outlook.com,2
520,kimberly71@paypal-alert.com,Meeting Reminder,1,1,4,2,231,0,kimberly71 paypal alert com,meeting reminder,paypal-alert.com,2
521,parkerkiara@company-secure.com,Suspicious Login Attempt,1,1,7,7,115,1,parkerkiara company secure com,suspicious login attempt,company-secure.com,3
522,brittany02@outlook.com,Suspicious Login Attempt,0,1,7,3,22,1,brittany02 outlook com,suspicious login attempt,outlook.com,3
523,ysmith@gmail.com,Your Password Will Expire,1,0,7,8,107,1,ysmith gmail com,your password will expire,gmail.com,4
524,michaelhenry@gmail.com,Urgent Account Verification,1,0,8,6,78,1,michaelhenry gmail com,urgent account verification,gmail.com,3
525,palmerkevin@paypal-alert.com,Invoice Attached,0,0,5,2,135,0,palmerkevin paypal alert com,invoice attached,paypal-alert.com,2
526,tonyherrera@company-secure.com,Suspicious Login Attempt,1,0,10,8,39,1,tonyherrera company secure com,suspicious login attempt,company-secure.com,3
527,karengilbert@company-secure.com,Urgent Account Verification,1,0,7,4,103,1,karengilbert company secure com,urgent account verification,company-secure.com,3
528,whitakersharon@company-secure.com,Weekly Newsletter,0,0,3,2,283,0,whitakersharon company secure com,weekly newsletter,company-secure.com,2
529,amy37@outlook.com,Weekly Newsletter,0,1,3,1,232,0,amy37 outlook com,weekly newsletter,outlook.com,2
530,nicholas94@outlook.com,Meeting Reminder,0,1,4,1,184,0,nicholas94 outlook com,meeting reminder,outlook.com,2
531,william36@outlook.com,Urgent Account Verification,1,0,7,7,96,1,william36 outlook com,urgent account verification,outlook.com,3
532,gtorres@paypal-alert.com,Invoice Attached,1,0,1,0,288,0,gtorres paypal alert com,invoice attached,paypal-alert.com,2
533,rstevenson@outlook.com,Meeting Reminder,1,0,3,0,197,0,rstevenson outlook com,meeting reminder,outlook.com,2
534,alicia24@gmail.com,Suspicious Login Attempt,0,0,9,8,34,1,alicia24 gmail com,suspicious login attempt,gmail.com,3
535,sophia59@outlook.com,Claim Your Reward Now,1,0,10,7,103,1,sophia59 outlook com,claim your reward now,outlook.com,4
536,caitlynbanks@paypal-alert.com,Interview Schedule,1,0,3,0,175,0,caitlynbanks paypal alert com,interview schedule,paypal-alert.com,2
537,antonio64@paypal-alert.com,Meeting Reminder,0,1,1,2,105,0,antonio64 paypal alert com,meeting reminder,paypal-alert.com,2
538,megan01@gmail.com,Your Password Will Expire,1,0,7,7,99,1,megan01 gmail com,your password will expire,gmail.com,4
539,richard33@paypal-alert.com,Meeting Reminder,0,1,5,0,106,0,richard33 paypal alert com,meeting reminder,paypal-alert.com,2
540,timothybrown@gmail.com,Weekly Newsletter,1,0,1,2,188,0,timothybrown gmail com,weekly newsletter,gmail.com,2
541,ldoyle@outlook.com,Weekly Newsletter,0,0,1,0,272,0,ldoyle outlook com,weekly newsletter,outlook.com,2
542,tracy40@outlook.com,Invoice Attached,0,1,2,0,252,0,tracy40 outlook com,invoice attached,outlook.com,2
543,cooleyjamie@paypal-alert.com,Weekly Newsletter,0,0,5,2,290,0,cooleyjamie paypal alert com,weekly newsletter,paypal-alert.com,2
544,robincole@bankverify.net,Suspicious Login Attempt,1,0,10,10,25,1,robincole bankverify net,suspicious login attempt,bankverify.net,3
545,gedwards@outlook.com,Claim Your Reward Now,0,1,9,5,102,1,gedwards outlook com,claim your reward now,outlook.com,4
546,sotojennifer@bankverify.net,Your Password Will Expire,0,1,7,7,120,1,sotojennifer bankverify net,your password will expire,bankverify.net,4
547,williamsalicia@bankverify.net,Claim Your Reward Now,1,1,10,3,82,1,williamsalicia bankverify net,claim your reward now,bankverify.net,4
548,sabrina53@paypal-alert.com,Bank Account Locked,1,1,8,5,55,1,sabrina53 paypal alert com,bank account locked,paypal-alert.com,3
549,qsalazar@gmail.com,Interview Schedule,1,1,1,2,270,0,qsalazar gmail com,interview schedule,gmail.com,2
550,richardsonalyssa@outlook.com,Project Update,0,0,5,1,104,0,richardsonalyssa outlook com,project update,outlook.com,2
551,jasonortiz@outlook.com,Claim Your Reward Now,1,0,8,5,92,1,jasonortiz outlook com,claim your reward now,outlook.com,4
552,michael46@bankverify.net,Weekly Newsletter,0,0,4,0,193,0,michael46 bankverify net,weekly newsletter,bankverify.net,2
553,vanessa31@paypal-alert.com,Interview Schedule,1,0,5,1,284,0,vanessa31 paypal alert com,interview schedule,paypal-alert.com,2
554,zglenn@paypal-alert.com,Interview Schedule,0,1,5,2,142,0,zglenn paypal alert com,interview schedule,paypal-alert.com,2
555,edward66@company-secure.com,Weekly Newsletter,0,1,3,1,125,0,edward66 company secure com,weekly newsletter,company-secure.com,2
556,brittanycampbell@gmail.com,Project Update,0,0,4,0,254,0,brittanycampbell gmail com,project update,gmail.com,2
557,comptonkyle@outlook.com,Invoice Attached,1,1,1,2,177,0,comptonkyle outlook com,invoice attached,outlook.com,2
558,amyjones@paypal-alert.com,Invoice Attached,0,0,4,2,191,0,amyjones paypal alert com,invoice attached,paypal-alert.com,2
559,bcasey@outlook.com,Project Update,1,1,4,2,139,0,bcasey outlook com,project update,outlook.com,2
560,jmitchell@outlook.com,Urgent Account Verification,1,0,8,7,54,1,jmitchell outlook com,urgent account verification,outlook.com,3
561,steven29@company-secure.com,Suspicious Login Attempt,1,0,7,8,74,1,steven29 company secure com,suspicious login attempt,company-secure.com,3
562,hlopez@paypal-alert.com,Bank Account Locked,1,0,8,5,71,1,hlopez paypal alert com,bank account locked,paypal-alert.com,3
563,pamela91@company-secure.com,Invoice Attached,0,1,4,1,254,0,pamela91 company secure com,invoice attached,company-secure.com,2
564,morganchristopher@company-secure.com,Weekly Newsletter,0,1,1,2,147,0,morganchristopher company secure com,weekly newsletter,company-secure.com,2
565,kathleengaines@gmail.com,Claim Your Reward Now,1,1,7,9,62,1,kathleengaines gmail com,claim your reward now,gmail.com,4
566,destinyobrien@gmail.com,Claim Your Reward Now,1,1,10,10,77,1,destinyobrien gmail com,claim your reward now,gmail.com,4
567,llamb@paypal-alert.com,Your Password Will Expire,1,0,10,8,41,1,llamb paypal alert com,your password will expire,paypal-alert.com,4
568,anthonylee@paypal-alert.com,Weekly Newsletter,0,1,4,1,205,0,anthonylee paypal alert com,weekly newsletter,paypal-alert.com,2
569,hamiltonjeffery@paypal-alert.com,Suspicious Login Attempt,1,0,7,8,40,1,hamiltonjeffery paypal alert com,suspicious login attempt,paypal-alert.com,3
570,hudsonricky@gmail.com,Project Update,1,1,2,0,134,0,hudsonricky gmail com,project update,gmail.com,2
571,carrillowilliam@outlook.com,Weekly Newsletter,1,0,1,0,95,0,carrillowilliam outlook com,weekly newsletter,outlook.com,2
572,sgarcia@paypal-alert.com,Your Password Will Expire,1,0,8,4,74,1,sgarcia paypal alert com,your password will expire,paypal-alert.com,4
573,bbutler@company-secure.com,Claim Your Reward Now,0,1,8,8,41,1,bbutler company secure com,claim your reward now,company-secure.com,4
574,richardsonanthony@outlook.com,Suspicious Login Attempt,1,1,8,5,73,1,richardsonanthony outlook com,suspicious login attempt,outlook.com,3
575,hklein@outlook.com,Suspicious Login Attempt,1,1,8,3,61,1,hklein outlook com,suspicious login attempt,outlook.com,3
576,millermarissa@gmail.com,Project Update,1,0,3,0,250,0,millermarissa gmail com,project update,gmail.com,2
577,diana06@gmail.com,Invoice Attached,1,0,1,1,253,0,diana06 gmail com,invoice attached,gmail.com,2
578,benjaminpope@gmail.com,Meeting Reminder,0,1,3,1,234,0,benjaminpope gmail com,meeting reminder,gmail.com,2
579,marklindsey@company-secure.com,Claim Your Reward Now,0,1,8,5,69,1,marklindsey company secure com,claim your reward now,company-secure.com,4
580,bryanwatts@outlook.com,Claim Your Reward Now,1,0,10,3,96,1,bryanwatts outlook com,claim your reward now,outlook.com,4
581,fedwards@gmail.com,Invoice Attached,1,0,4,2,192,0,fedwards gmail com,invoice attached,gmail.com,2
582,josephmatthew@outlook.com,Invoice Attached,0,0,5,0,233,0,josephmatthew outlook com,invoice attached,outlook.com,2
583,kaylacook@gmail.com,Interview Schedule,0,0,3,0,112,0,kaylacook gmail com,interview schedule,gmail.com,2
584,mary67@outlook.com,Invoice Attached,1,1,4,1,275,0,mary67 outlook com,invoice attached,outlook.com,2
585,wilkinschristopher@outlook.com,Weekly Newsletter,1,1,4,1,102,0,wilkinschristopher outlook com,weekly newsletter,outlook.com,2
586,pnguyen@bankverify.net,Project Update,1,0,2,2,245,0,pnguyen bankverify net,project update,bankverify.net,2
587,blakejohns@gmail.com,Your Password Will Expire,0,1,8,6,120,1,blakejohns gmail com,your password will expire,gmail.com,4
588,william25@gmail.com,Suspicious Login Attempt,1,1,10,3,76,1,william25 gmail com,suspicious login attempt,gmail.com,3
589,castropatricia@paypal-alert.com,Meeting Reminder,1,0,2,2,300,0,castropatricia paypal alert com,meeting reminder,paypal-alert.com,2
590,xmorales@paypal-alert.com,Urgent Account Verification,1,0,9,3,102,1,xmorales paypal alert com,urgent account verification,paypal-alert.com,3
591,sandra22@company-secure.com,Bank Account Locked,1,0,9,4,81,1,sandra22 company secure com,bank account locked,company-secure.com,3
592,dickersonjoshua@company-secure.com,Bank Account Locked,1,1,7,10,86,1,dickersonjoshua company secure com,bank account locked,company-secure.com,3
593,robertsalazar@company-secure.com,Meeting Reminder,0,1,3,1,168,0,robertsalazar company secure com,meeting reminder,company-secure.com,2
594,bibarra@outlook.com,Claim Your Reward Now,0,0,8,8,52,1,bibarra outlook com,claim your reward now,outlook.com,4
595,icarson@company-secure.com,Claim Your Reward Now,0,0,7,6,27,1,icarson company secure com,claim your reward now,company-secure.com,4
596,tammydickerson@paypal-alert.com,Project Update,1,1,1,0,231,0,tammydickerson paypal alert com,project update,paypal-alert.com,2
597,zbrown@paypal-alert.com,Your Password Will Expire,1,0,8,9,70,1,zbrown paypal alert com,your password will expire,paypal-alert.com,4
598,fross@paypal-alert.com,Weekly Newsletter,0,0,3,1,237,0,fross paypal alert com,weekly newsletter,paypal-alert.com,2
599,paul73@paypal-alert.com,Invoice Attached,0,0,5,2,195,0,paul73 paypal alert com,invoice attached,paypal-alert.com,2
600,joshua86@gmail.com,Meeting Reminder,1,0,2,1,208,0,joshua86 gmail com,meeting reminder,gmail.com,2
601,thomas11@paypal-alert.com,Interview Schedule,1,1,3,1,231,0,thomas11 paypal alert com,interview schedule,paypal-alert.com,2
602,nwright@gmail.com,Urgent Account Verification,1,0,8,3,29,1,nwright gmail com,urgent account verification,gmail.com,3
603,jessemaldonado@company-secure.com,Suspicious Login Attempt,1,0,7,10,74,1,jessemaldonado company secure com,suspicious login attempt,company-secure.com,3
604,kevinward@gmail.com,Your Password Will Expire,1,1,8,5,89,1,kevinward gmail com,your password will expire,gmail.com,4
605,barnettlisa@outlook.com,Claim Your Reward Now,1,1,8,6,54,1,barnettlisa outlook com,claim your reward now,outlook.com,4
606,derekalvarez@bankverify.net,Urgent Account Verification,0,1,8,8,81,1,derekalvarez bankverify net,urgent account verification,bankverify.net,3
607,ericamack@outlook.com,Claim Your Reward Now,1,0,8,4,25,1,ericamack outlook com,claim your reward now,outlook.com,4
608,rblack@outlook.com,Suspicious Login Attempt,0,0,8,5,107,1,rblack outlook com,suspicious login attempt,outlook.com,3
609,patrick53@bankverify.net,Interview Schedule,0,1,4,2,269,0,patrick53 bankverify net,interview schedule,bankverify.net,2
610,guzmanrebecca@company-secure.com,Interview Schedule,0,1,4,1,252,0,guzmanrebecca company secure com,interview schedule,company-secure.com,2
611,angelaferguson@paypal-alert.com,Invoice Attached,1,0,3,1,197,0,angelaferguson paypal alert com,invoice attached,paypal-alert.com,2
612,kenneth06@outlook.com,Invoice Attached,0,1,3,2,240,0,kenneth06 outlook com,invoice attached,outlook.com,2
613,millermary@gmail.com,Interview Schedule,1,1,5,2,92,0,millermary gmail com,interview schedule,gmail.com,2
614,catherine27@company-secure.com,Claim Your Reward Now,1,0,8,4,36,1,catherine27 company secure com,claim your reward now,company-secure.com,4
615,qmorrison@company-secure.com,Meeting Reminder,1,0,3,0,175,0,qmorrison company secure com,meeting reminder,company-secure.com,2
616,robertsonfrederick@gmail.com,Invoice Attached,1,1,2,2,101,0,robertsonfrederick gmail com,invoice attached,gmail.com,2
617,bradleyneal@company-secure.com,Interview Schedule,1,0,4,2,192,0,bradleyneal company secure com,interview schedule,company-secure.com,2
618,christopher88@outlook.com,Weekly Newsletter,0,1,5,2,210,0,christopher88 outlook com,weekly newsletter,outlook.com,2
619,david19@outlook.com,Suspicious Login Attempt,1,1,10,5,98,1,david19 outlook com,suspicious login attempt,outlook.com,3
620,pollardkarina@bankverify.net,Interview Schedule,1,0,2,2,293,0,pollardkarina bankverify net,interview schedule,bankverify.net,2
621,waltonraymond@company-secure.com,Suspicious Login Attempt,1,1,10,3,79,1,waltonraymond company secure com,suspicious login attempt,company-secure.com,3
622,aandrade@bankverify.net,Urgent Account Verification,1,1,7,6,96,1,aandrade bankverify net,urgent account verification,bankverify.net,3
623,johnsonryan@paypal-alert.com,Interview Schedule,0,1,1,1,194,0,johnsonryan paypal alert com,interview schedule,paypal-alert.com,2
624,kathleen05@paypal-alert.com,Urgent Account Verification,0,1,7,6,79,1,kathleen05 paypal alert com,urgent account verification,paypal-alert.com,3
625,pdiaz@paypal-alert.com,Bank Account Locked,1,1,8,10,66,1,pdiaz paypal alert com,bank account locked,paypal-alert.com,3
626,robinsonpatrick@gmail.com,Bank Account Locked,1,1,10,6,25,1,robinsonpatrick gmail com,bank account locked,gmail.com,3
627,williamsrachel@bankverify.net,Your Password Will Expire,1,0,10,4,60,1,williamsrachel bankverify net,your password will expire,bankverify.net,4
628,kknight@gmail.com,Urgent Account Verification,1,0,10,7,90,1,kknight gmail com,urgent account verification,gmail.com,3
629,rkim@bankverify.net,Project Update,0,0,5,0,238,0,rkim bankverify net,project update,bankverify.net,2
630,laurenblanchard@outlook.com,Claim Your Reward Now,1,0,8,5,65,1,laurenblanchard outlook com,claim your reward now,outlook.com,4
631,nealedward@bankverify.net,Weekly Newsletter,0,0,5,0,119,0,nealedward bankverify net,weekly newsletter,bankverify.net,2
632,bensongary@gmail.com,Your Password Will Expire,1,0,10,4,24,1,bensongary gmail com,your password will expire,gmail.com,4
633,ealexander@outlook.com,Weekly Newsletter,1,1,4,2,267,0,ealexander outlook com,weekly newsletter,outlook.com,2
634,figueroadustin@outlook.com,Interview Schedule,1,0,4,2,295,0,figueroadustin outlook com,interview schedule,outlook.com,2
635,lisa11@paypal-alert.com,Invoice Attached,0,1,2,0,233,0,lisa11 paypal alert com,invoice attached,paypal-alert.com,2
636,maxwelljulie@company-secure.com,Interview Schedule,1,0,2,0,238,0,maxwelljulie company secure com,interview schedule,company-secure.com,2
637,barbarahurley@outlook.com,Claim Your Reward Now,0,1,8,5,99,1,barbarahurley outlook com,claim your reward now,outlook.com,4
638,rebecca24@paypal-alert.com,Claim Your Reward Now,1,0,9,3,80,1,rebecca24 paypal alert com,claim your reward now,paypal-alert.com,4
639,nelsonlisa@bankverify.net,Urgent Account Verification,0,1,7,6,105,1,nelsonlisa bankverify net,urgent account verification,bankverify.net,3
640,bjones@company-secure.com,Claim Your Reward Now,1,1,8,3,51,1,bjones company secure com,claim your reward now,company-secure.com,4
641,fcameron@company-secure.com,Bank Account Locked,1,1,8,6,29,1,fcameron company secure com,bank account locked,company-secure.com,3
642,paul23@bankverify.net,Suspicious Login Attempt,0,1,10,9,79,1,paul23 bankverify net,suspicious login attempt,bankverify.net,3
643,garciarichard@outlook.com,Your Password Will Expire,0,1,9,8,61,1,garciarichard outlook com,your password will expire,outlook.com,4
644,lori94@outlook.com,Meeting Reminder,1,0,3,0,174,0,lori94 outlook com,meeting reminder,outlook.com,2
645,wagnerdustin@outlook.com,Suspicious Login Attempt,1,1,7,4,63,1,wagnerdustin outlook com,suspicious login attempt,outlook.com,3
646,tracychurch@gmail.com,Claim Your Reward Now,1,1,9,3,91,1,tracychurch gmail com,claim your reward now,gmail.com,4
647,solomonaaron@gmail.com,Bank Account Locked,1,1,9,3,96,1,solomonaaron gmail com,bank account locked,gmail.com,3
648,rebecca27@bankverify.net,Your Password Will Expire,1,0,9,9,110,1,rebecca27 bankverify net,your password will expire,bankverify.net,4
649,drivera@gmail.com,Meeting Reminder,0,0,2,1,155,0,drivera gmail com,meeting reminder,gmail.com,2
650,jennifer62@gmail.com,Bank Account Locked,0,1,9,6,51,1,jennifer62 gmail com,bank account locked,gmail.com,3
651,bowersjenna@company-secure.com,Claim Your Reward Now,0,1,7,3,37,1,bowersjenna company secure com,claim your reward now,company-secure.com,4
652,villanuevasara@outlook.com,Invoice Attached,1,1,5,1,174,0,villanuevasara outlook com,invoice attached,outlook.com,2
653,eschneider@paypal-alert.com,Suspicious Login Attempt,0,1,8,9,55,1,eschneider paypal alert com,suspicious login attempt,paypal-alert.com,3
654,andersonmegan@company-secure.com,Invoice Attached,0,0,4,2,214,0,andersonmegan company secure com,invoice attached,company-secure.com,2
655,yburns@bankverify.net,Weekly Newsletter,1,1,1,1,87,0,yburns bankverify net,weekly newsletter,bankverify.net,2
656,nataliesmith@gmail.com,Claim Your Reward Now,1,0,10,10,71,1,nataliesmith gmail com,claim your reward now,gmail.com,4
657,kathleenmatthews@company-secure.com,Urgent Account Verification,1,1,9,5,113,1,kathleenmatthews company secure com,urgent account verification,company-secure.com,3
658,cmartin@company-secure.com,Claim Your Reward Now,1,1,8,8,115,1,cmartin company secure com,claim your reward now,company-secure.com,4
659,quinnwilliam@company-secure.com,Urgent Account Verification,1,1,9,7,99,1,quinnwilliam company secure com,urgent account verification,company-secure.com,3
660,ywilliams@paypal-alert.com,Bank Account Locked,1,1,9,9,53,1,ywilliams paypal alert com,bank account locked,paypal-alert.com,3
661,matthewhendricks@bankverify.net,Interview Schedule,0,1,4,0,282,0,matthewhendricks bankverify net,interview schedule,bankverify.net,2
662,cmartin@outlook.com,Interview Schedule,1,0,4,2,215,0,cmartin outlook com,interview schedule,outlook.com,2
663,corey11@paypal-alert.com,Bank Account Locked,1,0,7,10,32,1,corey11 paypal alert com,bank account locked,paypal-alert.com,3
664,lwilkinson@gmail.com,Meeting Reminder,0,1,2,2,237,0,lwilkinson gmail com,meeting reminder,gmail.com,2
665,beststeven@gmail.com,Interview Schedule,1,1,2,0,155,0,beststeven gmail com,interview schedule,gmail.com,2
666,jcole@company-secure.com,Invoice Attached,1,1,1,0,217,0,jcole company secure com,invoice attached,company-secure.com,2
667,awilliamson@bankverify.net,Suspicious Login Attempt,1,1,10,9,66,1,awilliamson bankverify net,suspicious login attempt,bankverify.net,3
668,jackie49@bankverify.net,Your Password Will Expire,1,0,7,4,117,1,jackie49 bankverify net,your password will expire,bankverify.net,4
669,michael95@outlook.com,Urgent Account Verification,1,1,7,7,71,1,michael95 outlook com,urgent account verification,outlook.com,3
670,calvinreed@gmail.com,Project Update,0,1,2,0,90,0,calvinreed gmail com,project update,gmail.com,2
671,timothy23@outlook.com,Meeting Reminder,0,0,5,2,277,0,timothy23 outlook com,meeting reminder,outlook.com,2
672,kdeleon@company-secure.com,Bank Account Locked,1,1,10,6,65,1,kdeleon company secure com,bank account locked,company-secure.com,3
673,bellbrittany@gmail.com,Project Update,0,0,4,0,285,0,bellbrittany gmail com,project update,gmail.com,2
674,karen47@outlook.com,Weekly Newsletter,1,1,3,0,209,0,karen47 outlook com,weekly newsletter,outlook.com,2
675,nfitzpatrick@gmail.com,Weekly Newsletter,0,0,1,0,270,0,nfitzpatrick gmail com,weekly newsletter,gmail.com,2
676,karen13@gmail.com,Bank Account Locked,1,0,7,8,109,1,karen13 gmail com,bank account locked,gmail.com,3
677,joshuaking@company-secure.com,Interview Schedule,0,0,5,0,86,0,joshuaking company secure com,interview schedule,company-secure.com,2
678,jesserivera@company-secure.com,Your Password Will Expire,1,1,8,3,49,1,jesserivera company secure com,your password will expire,company-secure.com,4
679,otownsend@gmail.com,Bank Account Locked,1,1,8,7,32,1,otownsend gmail com,bank account locked,gmail.com,3
680,gberry@gmail.com,Bank Account Locked,0,0,10,8,83,1,gberry gmail com,bank account locked,gmail.com,3
681,fday@company-secure.com,Urgent Account Verification,1,1,10,10,54,1,fday company secure com,urgent account verification,company-secure.com,3
682,shannon69@bankverify.net,Weekly Newsletter,0,1,4,0,296,0,shannon69 bankverify net,weekly newsletter,bankverify.net,2
683,jacksoncourtney@company-secure.com,Project Update,0,1,5,2,293,0,jacksoncourtney company secure com,project update,company-secure.com,2
684,glopez@gmail.com,Invoice Attached,1,0,1,2,219,0,glopez gmail com,invoice attached,gmail.com,2
685,martinkelley@gmail.com,Meeting Reminder,1,0,4,2,200,0,martinkelley gmail com,meeting reminder,gmail.com,2
686,jsanders@bankverify.net,Invoice Attached,1,0,5,1,179,0,jsanders bankverify net,invoice attached,bankverify.net,2
687,wattsamanda@bankverify.net,Your Password Will Expire,1,1,9,7,83,1,wattsamanda bankverify net,your password will expire,bankverify.net,4
688,christinamiller@paypal-alert.com,Your Password Will Expire,1,0,10,9,110,1,christinamiller paypal alert com,your password will expire,paypal-alert.com,4
689,qnoble@company-secure.com,Project Update,1,0,4,2,82,0,qnoble company secure com,project update,company-secure.com,2
690,smithkathy@paypal-alert.com,Invoice Attached,0,0,1,0,181,0,smithkathy paypal alert com,invoice attached,paypal-alert.com,2
691,laura08@outlook.com,Suspicious Login Attempt,1,0,8,9,74,1,laura08 outlook com,suspicious login attempt,outlook.com,3
692,lukerobbins@company-secure.com,Meeting Reminder,1,0,2,0,101,0,lukerobbins company secure com,meeting reminder,company-secure.com,2
693,jsmith@paypal-alert.com,Meeting Reminder,0,1,4,2,205,0,jsmith paypal alert com,meeting reminder,paypal-alert.com,2
694,tanya40@outlook.com,Project Update,0,1,4,2,259,0,tanya40 outlook com,project update,outlook.com,2
695,watsoncharlene@gmail.com,Claim Your Reward Now,1,0,9,8,100,1,watsoncharlene gmail com,claim your reward now,gmail.com,4
696,hmartinez@gmail.com,Urgent Account Verification,0,1,9,9,118,1,hmartinez gmail com,urgent account verification,gmail.com,3
697,edwardsjonathan@outlook.com,Claim Your Reward Now,1,0,10,7,65,1,edwardsjonathan outlook com,claim your reward now,outlook.com,4
698,flawson@outlook.com,Interview Schedule,1,0,3,1,154,0,flawson outlook com,interview schedule,outlook.com,2
699,david62@bankverify.net,Bank Account Locked,1,1,9,4,99,1,david62 bankverify net,bank account locked,bankverify.net,3
700,lindseydana@bankverify.net,Weekly Newsletter,1,1,4,0,231,0,lindseydana bankverify net,weekly newsletter,bankverify.net,2
701,obaker@bankverify.net,Claim Your Reward Now,0,1,7,8,117,1,obaker bankverify net,claim your reward now,bankverify.net,4
702,cbaker@paypal-alert.com,Project Update,0,1,3,1,132,0,cbaker paypal alert com,project update,paypal-alert.com,2
703,ohughes@outlook.com,Meeting Reminder,0,0,1,1,89,0,ohughes outlook com,meeting reminder,outlook.com,2
704,carl60@outlook.com,Weekly Newsletter,1,1,3,1,226,0,carl60 outlook com,weekly newsletter,outlook.com,2
705,simpsondenise@paypal-alert.com,Weekly Newsletter,0,1,4,0,160,0,simpsondenise paypal alert com,weekly newsletter,paypal-alert.com,2
706,sarah49@bankverify.net,Suspicious Login Attempt,0,1,10,7,47,1,sarah49 bankverify net,suspicious login attempt,bankverify.net,3
707,stephen94@paypal-alert.com,Bank Account Locked,1,0,9,5,48,1,stephen94 paypal alert com,bank account locked,paypal-alert.com,3
708,perezkatie@company-secure.com,Bank Account Locked,1,1,9,6,69,1,perezkatie company secure com,bank account locked,company-secure.com,3
709,waltersjennifer@paypal-alert.com,Suspicious Login Attempt,1,0,7,10,49,1,waltersjennifer paypal alert com,suspicious login attempt,paypal-alert.com,3
710,jrose@paypal-alert.com,Meeting Reminder,0,1,2,2,226,0,jrose paypal alert com,meeting reminder,paypal-alert.com,2
711,lindsay34@gmail.com,Bank Account Locked,0,1,7,5,32,1,lindsay34 gmail com,bank account locked,gmail.com,3
712,wlopez@bankverify.net,Suspicious Login Attempt,1,1,7,10,88,1,wlopez bankverify net,suspicious login attempt,bankverify.net,3
713,taylorshane@company-secure.com,Invoice Attached,0,1,3,1,153,0,taylorshane company secure com,invoice attached,company-secure.com,2
714,robertsjack@gmail.com,Suspicious Login Attempt,1,1,7,9,25,1,robertsjack gmail com,suspicious login attempt,gmail.com,3
715,michaelburch@gmail.com,Invoice Attached,1,0,2,0,253,0,michaelburch gmail com,invoice attached,gmail.com,2
716,lkim@bankverify.net,Suspicious Login Attempt,0,0,8,6,90,1,lkim bankverify net,suspicious login attempt,bankverify.net,3
717,richardsonchristian@gmail.com,Meeting Reminder,1,1,4,2,297,0,richardsonchristian gmail com,meeting reminder,gmail.com,2
718,josephjackson@company-secure.com,Claim Your Reward Now,1,0,7,8,103,1,josephjackson company secure com,claim your reward now,company-secure.com,4
719,elizabeth20@bankverify.net,Weekly Newsletter,1,0,5,1,163,0,elizabeth20 bankverify net,weekly newsletter,bankverify.net,2
720,marycamacho@outlook.com,Urgent Account Verification,0,1,9,3,75,1,marycamacho outlook com,urgent account verification,outlook.com,3
721,dominiquegonzalez@outlook.com,Meeting Reminder,0,0,2,0,243,0,dominiquegonzalez outlook com,meeting reminder,outlook.com,2
722,qgilbert@gmail.com,Meeting Reminder,1,1,4,2,259,0,qgilbert gmail com,meeting reminder,gmail.com,2
723,gonzalesjodi@bankverify.net,Bank Account Locked,1,1,9,8,111,1,gonzalesjodi bankverify net,bank account locked,bankverify.net,3
724,pbryan@company-secure.com,Suspicious Login Attempt,1,1,7,10,120,1,pbryan company secure com,suspicious login attempt,company-secure.com,3
725,cameroncody@gmail.com,Suspicious Login Attempt,1,1,8,9,72,1,cameroncody gmail com,suspicious login attempt,gmail.com,3
726,ryan64@outlook.com,Meeting Reminder,1,0,3,2,147,0,ryan64 outlook com,meeting reminder,outlook.com,2
727,rhodescheryl@paypal-alert.com,Urgent Account Verification,1,1,9,6,32,1,rhodescheryl paypal alert com,urgent account verification,paypal-alert.com,3
728,angelaeaton@company-secure.com,Interview Schedule,1,0,1,0,170,0,angelaeaton company secure com,interview schedule,company-secure.com,2
729,gjohnson@outlook.com,Suspicious Login Attempt,1,1,8,10,99,1,gjohnson outlook com,suspicious login attempt,outlook.com,3
730,moorechristina@gmail.com,Bank Account Locked,0,0,10,6,66,1,moorechristina gmail com,bank account locked,gmail.com,3
731,james39@paypal-alert.com,Meeting Reminder,1,0,5,2,200,0,james39 paypal alert com,meeting reminder,paypal-alert.com,2
732,pauljennings@gmail.com,Meeting Reminder,1,0,3,2,267,0,pauljennings gmail com,meeting reminder,gmail.com,2
733,tjones@gmail.com,Interview Schedule,1,0,4,2,141,0,tjones gmail com,interview schedule,gmail.com,2
734,lisa07@gmail.com,Interview Schedule,0,1,4,2,142,0,lisa07 gmail com,interview schedule,gmail.com,2
735,wmartin@gmail.com,Project Update,0,0,2,1,137,0,wmartin gmail com,project update,gmail.com,2
736,katiesmith@bankverify.net,Suspicious Login Attempt,1,0,7,7,65,1,katiesmith bankverify net,suspicious login attempt,bankverify.net,3
737,vgonzalez@company-secure.com,Interview Schedule,1,1,5,2,242,0,vgonzalez company secure com,interview schedule,company-secure.com,2
738,burtonmanuel@bankverify.net,Urgent Account Verification,1,0,7,9,29,1,burtonmanuel bankverify net,urgent account verification,bankverify.net,3
739,ortizandrea@bankverify.net,Interview Schedule,0,1,4,0,238,0,ortizandrea bankverify net,interview schedule,bankverify.net,2
740,ashley48@bankverify.net,Your Password Will Expire,1,1,8,7,38,1,ashley48 bankverify net,your password will expire,bankverify.net,4
741,hayesjennifer@bankverify.net,Project Update,0,1,4,0,280,0,hayesjennifer bankverify net,project update,bankverify.net,2
742,ronald27@bankverify.net,Claim Your Reward Now,1,0,9,5,107,1,ronald27 bankverify net,claim your reward now,bankverify.net,4
743,diane18@bankverify.net,Bank Account Locked,1,1,9,7,55,1,diane18 bankverify net,bank account locked,bankverify.net,3
744,njackson@gmail.com,Invoice Attached,0,1,4,0,284,0,njackson gmail com,invoice attached,gmail.com,2
745,molly32@gmail.com,Suspicious Login Attempt,1,1,9,7,115,1,molly32 gmail com,suspicious login attempt,gmail.com,3
746,piercedanielle@paypal-alert.com,Weekly Newsletter,1,1,3,2,234,0,piercedanielle paypal alert com,weekly newsletter,paypal-alert.com,2
747,patricialewis@outlook.com,Suspicious Login Attempt,0,0,9,9,66,1,patricialewis outlook com,suspicious login attempt,outlook.com,3
748,caroljohnson@company-secure.com,Weekly Newsletter,1,0,3,1,131,0,caroljohnson company secure com,weekly newsletter,company-secure.com,2
749,jennifershepard@paypal-alert.com,Bank Account Locked,0,1,9,3,98,1,jennifershepard paypal alert com,bank account locked,paypal-alert.com,3
750,gerald27@gmail.com,Meeting Reminder,1,1,2,2,85,0,gerald27 gmail com,meeting reminder,gmail.com,2
751,christine56@outlook.com,Invoice Attached,1,1,2,1,203,0,christine56 outlook com,invoice attached,outlook.com,2
752,brendapotts@gmail.com,Suspicious Login Attempt,1,1,9,5,20,1,brendapotts gmail com,suspicious login attempt,gmail.com,3
753,stephenfields@gmail.com,Bank Account Locked,1,1,7,5,110,1,stephenfields gmail com,bank account locked,gmail.com,3
754,kenneth58@bankverify.net,Suspicious Login Attempt,1,1,8,6,114,1,kenneth58 bankverify net,suspicious login attempt,bankverify.net,3
755,estephens@company-secure.com,Interview Schedule,0,1,1,1,207,0,estephens company secure com,interview schedule,company-secure.com,2
756,sarahstone@outlook.com,Suspicious Login Attempt,1,0,9,10,101,1,sarahstone outlook com,suspicious login attempt,outlook.com,3
757,mandybentley@outlook.com,Weekly Newsletter,0,1,4,0,140,0,mandybentley outlook com,weekly newsletter,outlook.com,2
758,sherry74@paypal-alert.com,Urgent Account Verification,1,1,7,9,86,1,sherry74 paypal alert com,urgent account verification,paypal-alert.com,3
759,garnerchristine@paypal-alert.com,Weekly Newsletter,1,0,2,0,281,0,garnerchristine paypal alert com,weekly newsletter,paypal-alert.com,2
760,danielleburgess@company-secure.com,Invoice Attached,1,1,5,1,139,0,danielleburgess company secure com,invoice attached,company-secure.com,2
761,ojohnson@company-secure.com,Your Password Will Expire,1,0,9,3,55,1,ojohnson company secure com,your password will expire,company-secure.com,4
762,donald20@bankverify.net,Urgent Account Verification,1,1,8,10,113,1,donald20 bankverify net,urgent account verification,bankverify.net,3
763,michael37@company-secure.com,Claim Your Reward Now,1,1,10,4,25,1,michael37 company secure com,claim your reward now,company-secure.com,4
764,russodean@bankverify.net,Meeting Reminder,0,0,1,0,179,0,russodean bankverify net,meeting reminder,bankverify.net,2
765,kristensummers@bankverify.net,Interview Schedule,0,0,5,0,293,0,kristensummers bankverify net,interview schedule,bankverify.net,2
766,erikachavez@outlook.com,Bank Account Locked,0,1,7,5,47,1,erikachavez outlook com,bank account locked,outlook.com,3
767,aaguirre@outlook.com,Project Update,0,0,1,1,159,0,aaguirre outlook com,project update,outlook.com,2
768,sean54@outlook.com,Bank Account Locked,0,1,9,5,25,1,sean54 outlook com,bank account locked,outlook.com,3
769,lhays@gmail.com,Urgent Account Verification,1,1,9,3,33,1,lhays gmail com,urgent account verification,gmail.com,3
770,beltranmark@paypal-alert.com,Interview Schedule,1,1,4,0,260,0,beltranmark paypal alert com,interview schedule,paypal-alert.com,2
771,barbara31@outlook.com,Urgent Account Verification,1,1,7,5,21,1,barbara31 outlook com,urgent account verification,outlook.com,3
772,gabriela74@gmail.com,Invoice Attached,0,1,2,1,258,0,gabriela74 gmail com,invoice attached,gmail.com,2
773,rsutton@paypal-alert.com,Your Password Will Expire,0,0,10,9,20,1,rsutton paypal alert com,your password will expire,paypal-alert.com,4
774,bondthomas@paypal-alert.com,Weekly Newsletter,1,1,1,0,157,0,bondthomas paypal alert com,weekly newsletter,paypal-alert.com,2
775,karenwatts@company-secure.com,Interview Schedule,1,1,5,2,283,0,karenwatts company secure com,interview schedule,company-secure.com,2
776,christopher67@gmail.com,Weekly Newsletter,0,1,2,1,285,0,christopher67 gmail com,weekly newsletter,gmail.com,2
777,masonerin@gmail.com,Interview Schedule,0,0,1,1,270,0,masonerin gmail com,interview schedule,gmail.com,2
778,rodneydodson@gmail.com,Interview Schedule,1,0,4,1,123,0,rodneydodson gmail com,interview schedule,gmail.com,2
779,chandlerjennifer@bankverify.net,Interview Schedule,0,1,2,1,224,0,chandlerjennifer bankverify net,interview schedule,bankverify.net,2
780,jenningsbradley@paypal-alert.com,Meeting Reminder,0,1,1,2,149,0,jenningsbradley paypal alert com,meeting reminder,paypal-alert.com,2
781,walkerlisa@outlook.com,Project Update,0,1,5,0,168,0,walkerlisa outlook com,project update,outlook.com,2
782,stevenburton@paypal-alert.com,Claim Your Reward Now,0,1,7,3,72,1,stevenburton paypal alert com,claim your reward now,paypal-alert.com,4
783,tinaturner@paypal-alert.com,Meeting Reminder,0,0,1,2,179,0,tinaturner paypal alert com,meeting reminder,paypal-alert.com,2
784,christopher97@outlook.com,Urgent Account Verification,1,0,7,6,107,1,christopher97 outlook com,urgent account verification,outlook.com,3
785,linda63@gmail.com,Interview Schedule,0,1,5,2,183,0,linda63 gmail com,interview schedule,gmail.com,2
786,rowlandjackson@company-secure.com,Suspicious Login Attempt,1,0,7,8,39,1,rowlandjackson company secure com,suspicious login attempt,company-secure.com,3
787,rodriguezmichelle@paypal-alert.com,Project Update,0,1,5,2,99,0,rodriguezmichelle paypal alert com,project update,paypal-alert.com,2
788,miranda89@paypal-alert.com,Bank Account Locked,1,1,9,10,101,1,miranda89 paypal alert com,bank account locked,paypal-alert.com,3
789,amy18@gmail.com,Bank Account Locked,1,0,9,5,71,1,amy18 gmail com,bank account locked,gmail.com,3
790,cpearson@bankverify.net,Urgent Account Verification,1,1,8,6,78,1,cpearson bankverify net,urgent account verification,bankverify.net,3
791,bjohnson@paypal-alert.com,Your Password Will Expire,1,1,8,7,55,1,bjohnson paypal alert com,your password will expire,paypal-alert.com,4
792,bharmon@paypal-alert.com,Urgent Account Verification,1,1,9,6,57,1,bharmon paypal alert com,urgent account verification,paypal-alert.com,3
793,nicole86@outlook.com,Your Password Will Expire,0,0,8,4,71,1,nicole86 outlook com,your password will expire,outlook.com,4
794,barbaracrawford@gmail.com,Invoice Attached,1,1,1,0,225,0,barbaracrawford gmail com,invoice attached,gmail.com,2
795,knoxelizabeth@outlook.com,Invoice Attached,0,0,1,2,184,0,knoxelizabeth outlook com,invoice attached,outlook.com,2
796,elizabeth12@company-secure.com,Claim Your Reward Now,1,0,9,6,20,1,elizabeth12 company secure com,claim your reward now,company-secure.com,4
797,dschwartz@outlook.com,Weekly Newsletter,1,1,5,1,133,0,dschwartz outlook com,weekly newsletter,outlook.com,2
798,schandler@paypal-alert.com,Bank Account Locked,0,1,10,8,69,1,schandler paypal alert com,bank account locked,paypal-alert.com,3
799,pbarron@gmail.com,Interview Schedule,1,1,1,0,269,0,pbarron gmail com,interview schedule,gmail.com,2
800,christophercarpenter@bankverify.net,Invoice Attached,0,0,5,2,141,0,christophercarpenter bankverify net,invoice attached,bankverify.net,2
801,perryking@paypal-alert.com,Project Update,0,0,1,1,94,0,perryking paypal alert com,project update,paypal-alert.com,2
802,jennifersanders@bankverify.net,Claim Your Reward Now,1,0,8,5,21,1,jennifersanders bankverify net,claim your reward now,bankverify.net,4
803,mlane@paypal-alert.com,Meeting Reminder,0,0,3,2,142,0,mlane paypal alert com,meeting reminder,paypal-alert.com,2
804,ginahill@outlook.com,Claim Your Reward Now,1,1,10,10,76,1,ginahill outlook com,claim your reward now,outlook.com,4
805,emily96@company-secure.com,Weekly Newsletter,0,0,3,2,170,0,emily96 company secure com,weekly newsletter,company-secure.com,2
806,john88@paypal-alert.com,Invoice Attached,1,1,1,1,224,0,john88 paypal alert com,invoice attached,paypal-alert.com,2
807,cookeclaire@paypal-alert.com,Suspicious Login Attempt,1,1,7,5,112,1,cookeclaire paypal alert com,suspicious login attempt,paypal-alert.com,3
808,gray@bankverify.net,Interview Schedule,0,0,1,1,83,0,gray bankverify net,interview schedule,bankverify.net,2
809,katelyn22@bankverify.net,Suspicious Login Attempt,1,1,10,9,34,1,katelyn22 bankverify net,suspicious login attempt,bankverify.net,3
810,joshua76@paypal-alert.com,Claim Your Reward Now,1,1,9,4,106,1,joshua76 paypal alert com,claim your reward now,paypal-alert.com,4
811,moralesvictoria@outlook.com,Invoice Attached,0,0,2,1,253,0,moralesvictoria outlook com,invoice attached,outlook.com,2
812,eharding@outlook.com,Suspicious Login Attempt,1,0,8,10,97,1,eharding outlook com,suspicious login attempt,outlook.com,3
813,parksandrew@gmail.com,Claim Your Reward Now,1,0,10,10,69,1,parksandrew gmail com,claim your reward now,gmail.com,4
814,jdavidson@paypal-alert.com,Interview Schedule,0,0,1,0,142,0,jdavidson paypal alert com,interview schedule,paypal-alert.com,2
815,kleinamy@paypal-alert.com,Your Password Will Expire,0,0,8,7,26,1,kleinamy paypal alert com,your password will expire,paypal-alert.com,4
816,rachel43@bankverify.net,Urgent Account Verification,1,1,9,7,113,1,rachel43 bankverify net,urgent account verification,bankverify.net,3
817,justinjones@company-secure.com,Weekly Newsletter,1,1,5,1,134,0,justinjones company secure com,weekly newsletter,company-secure.com,2
818,gorozco@bankverify.net,Suspicious Login Attempt,1,1,10,9,119,1,gorozco bankverify net,suspicious login attempt,bankverify.net,3
819,wendyferrell@gmail.com,Urgent Account Verification,1,0,10,9,53,1,wendyferrell gmail com,urgent account verification,gmail.com,3
820,kbrown@outlook.com,Project Update,0,1,5,1,209,0,kbrown outlook com,project update,outlook.com,2
821,ecarroll@gmail.com,Project Update,1,1,5,1,219,0,ecarroll gmail com,project update,gmail.com,2
822,howardsusan@bankverify.net,Project Update,1,1,5,1,205,0,howardsusan bankverify net,project update,bankverify.net,2
823,mcintyresusan@bankverify.net,Invoice Attached,0,1,4,0,182,0,mcintyresusan bankverify net,invoice attached,bankverify.net,2
824,omartinez@paypal-alert.com,Project Update,1,0,1,1,261,0,omartinez paypal alert com,project update,paypal-alert.com,2
825,uroman@gmail.com,Urgent Account Verification,1,1,9,9,104,1,uroman gmail com,urgent account verification,gmail.com,3
826,adamsjohn@bankverify.net,Invoice Attached,0,1,1,2,193,0,adamsjohn bankverify net,invoice attached,bankverify.net,2
827,xhamilton@paypal-alert.com,Suspicious Login Attempt,1,0,8,6,90,1,xhamilton paypal alert com,suspicious login attempt,paypal-alert.com,3
828,tfuller@gmail.com,Meeting Reminder,0,1,5,1,188,0,tfuller gmail com,meeting reminder,gmail.com,2
829,elizabethnelson@paypal-alert.com,Project Update,1,1,3,2,159,0,elizabethnelson paypal alert com,project update,paypal-alert.com,2
830,stevenli@company-secure.com,Project Update,1,1,2,0,177,0,stevenli company secure com,project update,company-secure.com,2
831,ghoover@bankverify.net,Interview Schedule,0,1,3,0,193,0,ghoover bankverify net,interview schedule,bankverify.net,2
832,kristybutler@outlook.com,Claim Your Reward Now,1,1,8,9,23,1,kristybutler outlook com,claim your reward now,outlook.com,4
833,hudsonmarissa@outlook.com,Urgent Account Verification,0,0,9,7,71,1,hudsonmarissa outlook com,urgent account verification,outlook.com,3
834,mary06@outlook.com,Suspicious Login Attempt,1,0,7,8,112,1,mary06 outlook com,suspicious login attempt,outlook.com,3
835,alexaholmes@company-secure.com,Invoice Attached,1,0,2,1,137,0,alexaholmes company secure com,invoice attached,company-secure.com,2
836,lauren12@outlook.com,Your Password Will Expire,0,1,7,7,119,1,lauren12 outlook com,your password will expire,outlook.com,4
837,lcampbell@gmail.com,Your Password Will Expire,1,1,8,7,31,1,lcampbell gmail com,your password will expire,gmail.com,4
838,cgriffin@gmail.com,Your Password Will Expire,1,0,7,9,36,1,cgriffin gmail com,your password will expire,gmail.com,4
839,melanierussell@paypal-alert.com,Weekly Newsletter,0,0,2,1,296,0,melanierussell paypal alert com,weekly newsletter,paypal-alert.com,2
840,eric46@paypal-alert.com,Bank Account Locked,1,0,8,9,119,1,eric46 paypal alert com,bank account locked,paypal-alert.com,3
841,kristinrogers@paypal-alert.com,Interview Schedule,1,1,4,1,103,0,kristinrogers paypal alert com,interview schedule,paypal-alert.com,2
842,brianoliver@gmail.com,Your Password Will Expire,1,0,9,7,38,1,brianoliver gmail com,your password will expire,gmail.com,4
843,denniswest@company-secure.com,Invoice Attached,1,1,3,0,142,0,denniswest company secure com,invoice attached,company-secure.com,2
844,michaelgillespie@gmail.com,Weekly Newsletter,1,1,3,0,168,0,michaelgillespie gmail com,weekly newsletter,gmail.com,2
845,lcruz@paypal-alert.com,Meeting Reminder,1,0,1,0,295,0,lcruz paypal alert com,meeting reminder,paypal-alert.com,2
846,james75@paypal-alert.com,Your Password Will Expire,1,0,7,8,79,1,james75 paypal alert com,your password will expire,paypal-alert.com,4
847,zmills@bankverify.net,Invoice Attached,0,1,3,0,224,0,zmills bankverify net,invoice attached,bankverify.net,2
848,ramoserica@paypal-alert.com,Interview Schedule,1,0,1,0,253,0,ramoserica paypal alert com,interview schedule,paypal-alert.com,2
849,grantkaren@paypal-alert.com,Bank Account Locked,1,1,9,7,100,1,grantkaren paypal alert com,bank account locked,paypal-alert.com,3
850,rmueller@gmail.com,Urgent Account Verification,1,0,10,8,33,1,rmueller gmail com,urgent account verification,gmail.com,3
851,xdavidson@paypal-alert.com,Your Password Will Expire,1,1,7,8,71,1,xdavidson paypal alert com,your password will expire,paypal-alert.com,4
852,randallfox@bankverify.net,Bank Account Locked,1,0,7,8,33,1,randallfox bankverify net,bank account locked,bankverify.net,3
853,waltersjennifer@bankverify.net,Your Password Will Expire,1,1,8,4,94,1,waltersjennifer bankverify net,your password will expire,bankverify.net,4
854,jessicapatton@outlook.com,Weekly Newsletter,0,0,4,0,200,0,jessicapatton outlook com,weekly newsletter,outlook.com,2
855,anthony48@bankverify.net,Project Update,1,1,3,1,242,0,anthony48 bankverify net,project update,bankverify.net,2
856,dixonmichael@gmail.com,Suspicious Login Attempt,1,1,7,5,112,1,dixonmichael gmail com,suspicious login attempt,gmail.com,3
857,jamesnichols@paypal-alert.com,Interview Schedule,0,1,5,2,172,0,jamesnichols paypal alert com,interview schedule,paypal-alert.com,2
858,jonesrobin@outlook.com,Project Update,1,1,3,1,297,0,jonesrobin outlook com,project update,outlook.com,2
859,katherinegomez@bankverify.net,Claim Your Reward Now,1,1,9,8,81,1,katherinegomez bankverify net,claim your reward now,bankverify.net,4
860,mleonard@gmail.com,Weekly Newsletter,0,1,3,1,209,0,mleonard gmail com,weekly newsletter,gmail.com,2
861,williamsjeanette@paypal-alert.com,Weekly Newsletter,1,0,4,1,132,0,williamsjeanette paypal alert com,weekly newsletter,paypal-alert.com,2
862,jennifer40@gmail.com,Suspicious Login Attempt,1,0,10,8,95,1,jennifer40 gmail com,suspicious login attempt,gmail.com,3
863,hshelton@paypal-alert.com,Bank Account Locked,0,0,8,4,35,1,hshelton paypal alert com,bank account locked,paypal-alert.com,3
864,robinsonjames@bankverify.net,Claim Your Reward Now,1,1,9,4,111,1,robinsonjames bankverify net,claim your reward now,bankverify.net,4
865,ricardo57@company-secure.com,Claim Your Reward Now,0,1,7,7,71,1,ricardo57 company secure com,claim your reward now,company-secure.com,4
866,uadkins@gmail.com,Bank Account Locked,1,1,7,4,42,1,uadkins gmail com,bank account locked,gmail.com,3
867,kbarry@gmail.com,Your Password Will Expire,1,1,10,8,99,1,kbarry gmail com,your password will expire,gmail.com,4
868,grimesamanda@outlook.com,Bank Account Locked,1,1,7,4,27,1,grimesamanda outlook com,bank account locked,outlook.com,3
869,smithlindsey@bankverify.net,Bank Account Locked,1,0,10,3,57,1,smithlindsey bankverify net,bank account locked,bankverify.net,3
870,vickie32@bankverify.net,Invoice Attached,1,1,3,2,110,0,vickie32 bankverify net,invoice attached,bankverify.net,2
871,belltimothy@company-secure.com,Meeting Reminder,1,0,5,1,219,0,belltimothy company secure com,meeting reminder,company-secure.com,2
872,paynenicholas@company-secure.com,Invoice Attached,1,1,2,2,174,0,paynenicholas company secure com,invoice attached,company-secure.com,2
873,angela68@bankverify.net,Your Password Will Expire,0,1,8,9,116,1,angela68 bankverify net,your password will expire,bankverify.net,4
874,reillywilliam@gmail.com,Bank Account Locked,1,0,8,4,23,1,reillywilliam gmail com,bank account locked,gmail.com,3
875,sandraperkins@gmail.com,Claim Your Reward Now,1,1,8,5,27,1,sandraperkins gmail com,claim your reward now,gmail.com,4
876,lori23@paypal-alert.com,Invoice Attached,0,1,2,1,292,0,lori23 paypal alert com,invoice attached,paypal-alert.com,2
877,tylerwilson@outlook.com,Weekly Newsletter,0,0,3,0,226,0,tylerwilson outlook com,weekly newsletter,outlook.com,2
878,upatterson@bankverify.net,Weekly Newsletter,1,1,5,1,298,0,upatterson bankverify net,weekly newsletter,bankverify.net,2
879,andrea09@bankverify.net,Claim Your Reward Now,1,1,7,9,93,1,andrea09 bankverify net,claim your reward now,bankverify.net,4
880,ambercampbell@outlook.com,Weekly Newsletter,0,0,4,1,93,0,ambercampbell outlook com,weekly newsletter,outlook.com,2
881,regina97@company-secure.com,Project Update,1,0,1,0,143,0,regina97 company secure com,project update,company-secure.com,2
882,nicolejordan@company-secure.com,Invoice Attached,0,1,3,0,206,0,nicolejordan company secure com,invoice attached,company-secure.com,2
883,mturner@gmail.com,Your Password Will Expire,0,0,10,10,23,1,mturner gmail com,your password will expire,gmail.com,4
884,elizabeth76@bankverify.net,Claim Your Reward Now,1,1,7,8,79,1,elizabeth76 bankverify net,claim your reward now,bankverify.net,4
885,jimmy33@gmail.com,Bank Account Locked,1,0,7,3,88,1,jimmy33 gmail com,bank account locked,gmail.com,3
886,bryan71@gmail.com,Project Update,1,0,2,0,172,0,bryan71 gmail com,project update,gmail.com,2
887,bruceroth@company-secure.com,Suspicious Login Attempt,1,1,8,4,111,1,bruceroth company secure com,suspicious login attempt,company-secure.com,3
888,jesus40@bankverify.net,Project Update,1,0,3,0,216,0,jesus40 bankverify net,project update,bankverify.net,2
889,rjenkins@bankverify.net,Urgent Account Verification,1,0,10,10,106,1,rjenkins bankverify net,urgent account verification,bankverify.net,3
890,hfuentes@paypal-alert.com,Claim Your Reward Now,0,0,9,7,73,1,hfuentes paypal alert com,claim your reward now,paypal-alert.com,4
891,erica12@paypal-alert.com,Your Password Will Expire,1,1,8,4,25,1,erica12 paypal alert com,your password will expire,paypal-alert.com,4
892,lawsonjames@gmail.com,Bank Account Locked,1,1,7,5,98,1,lawsonjames gmail com,bank account locked,gmail.com,3
893,ruthcurry@paypal-alert.com,Suspicious Login Attempt,0,1,9,10,40,1,ruthcurry paypal alert com,suspicious login attempt,paypal-alert.com,3
894,jim20@gmail.com,Bank Account Locked,1,1,10,6,89,1,jim20 gmail com,bank account locked,gmail.com,3
895,zmarks@outlook.com,Urgent Account Verification,1,1,8,9,109,1,zmarks outlook com,urgent account verification,outlook.com,3
896,lisa74@paypal-alert.com,Interview Schedule,1,0,3,1,247,0,lisa74 paypal alert com,interview schedule,paypal-alert.com,2
897,blucas@outlook.com,Invoice Attached,1,0,5,2,175,0,blucas outlook com,invoice attached,outlook.com,2
898,brownjuan@bankverify.net,Suspicious Login Attempt,1,0,9,4,103,1,brownjuan bankverify net,suspicious login attempt,bankverify.net,3
899,kristi08@company-secure.com,Project Update,1,0,2,0,263,0,kristi08 company secure com,project update,company-secure.com,2
900,porterronnie@gmail.com,Project Update,0,0,2,2,122,0,porterronnie gmail com,project update,gmail.com,2
901,maryhenderson@bankverify.net,Claim Your Reward Now,0,1,7,7,24,1,maryhenderson bankverify net,claim your reward now,bankverify.net,4
902,kennedycody@paypal-alert.com,Invoice Attached,1,0,2,1,121,0,kennedycody paypal alert com,invoice attached,paypal-alert.com,2
903,rgomez@outlook.com,Claim Your Reward Now,0,1,7,6,54,1,rgomez outlook com,claim your reward now,outlook.com,4
904,kcoleman@company-secure.com,Invoice Attached,0,1,5,2,102,0,kcoleman company secure com,invoice attached,company-secure.com,2
905,paulmolina@paypal-alert.com,Weekly Newsletter,1,0,3,1,238,0,paulmolina paypal alert com,weekly newsletter,paypal-alert.com,2
906,colliertyler@company-secure.com,Meeting Reminder,1,1,2,1,142,0,colliertyler company secure com,meeting reminder,company-secure.com,2
907,shelby99@bankverify.net,Urgent Account Verification,1,0,10,10,90,1,shelby99 bankverify net,urgent account verification,bankverify.net,3
908,amanda51@gmail.com,Invoice Attached,0,0,2,1,97,0,amanda51 gmail com,invoice attached,gmail.com,2
909,michael99@company-secure.com,Interview Schedule,1,1,1,0,193,0,michael99 company secure com,interview schedule,company-secure.com,2
910,christina01@gmail.com,Bank Account Locked,1,0,7,6,82,1,christina01 gmail com,bank account locked,gmail.com,3
911,robertleblanc@outlook.com,Interview Schedule,0,0,3,0,275,0,robertleblanc outlook com,interview schedule,outlook.com,2
912,marissa80@company-secure.com,Suspicious Login Attempt,1,1,8,3,75,1,marissa80 company secure com,suspicious login attempt,company-secure.com,3
913,usanchez@outlook.com,Your Password Will Expire,0,0,9,3,27,1,usanchez outlook com,your password will expire,outlook.com,4
914,kendrapotter@company-secure.com,Interview Schedule,1,0,5,1,238,0,kendrapotter company secure com,interview schedule,company-secure.com,2
915,kirksteven@outlook.com,Suspicious Login Attempt,1,1,9,10,116,1,kirksteven outlook com,suspicious login attempt,outlook.com,3
916,xmassey@bankverify.net,Weekly Newsletter,0,0,1,1,214,0,xmassey bankverify net,weekly newsletter,bankverify.net,2
917,osmith@bankverify.net,Urgent Account Verification,0,0,9,6,89,1,osmith bankverify net,urgent account verification,bankverify.net,3
918,wrodriguez@gmail.com,Claim Your Reward Now,1,0,10,7,99,1,wrodriguez gmail com,claim your reward now,gmail.com,4
919,robert38@outlook.com,Your Password Will Expire,1,1,9,10,32,1,robert38 outlook com,your password will expire,outlook.com,4
920,cevans@gmail.com,Meeting Reminder,0,0,2,2,214,0,cevans gmail com,meeting reminder,gmail.com,2
921,wangdeborah@gmail.com,Meeting Reminder,0,0,1,0,164,0,wangdeborah gmail com,meeting reminder,gmail.com,2
922,qgomez@bankverify.net,Invoice Attached,0,1,4,2,200,0,qgomez bankverify net,invoice attached,bankverify.net,2
923,henrydouglas@paypal-alert.com,Meeting Reminder,1,1,4,0,91,0,henrydouglas paypal alert com,meeting reminder,paypal-alert.com,2
924,sharonhernandez@paypal-alert.com,Meeting Reminder,0,0,2,2,173,0,sharonhernandez paypal alert com,meeting reminder,paypal-alert.com,2
925,debra28@gmail.com,Interview Schedule,1,1,3,1,241,0,debra28 gmail com,interview schedule,gmail.com,2
926,ambersmith@paypal-alert.com,Meeting Reminder,0,0,4,0,168,0,ambersmith paypal alert com,meeting reminder,paypal-alert.com,2
927,danielle96@paypal-alert.com,Interview Schedule,0,0,2,2,95,0,danielle96 paypal alert com,interview schedule,paypal-alert.com,2
928,joseph51@outlook.com,Meeting Reminder,0,0,1,1,264,0,joseph51 outlook com,meeting reminder,outlook.com,2
929,ccase@paypal-alert.com,Interview Schedule,0,1,3,2,270,0,ccase paypal alert com,interview schedule,paypal-alert.com,2
930,torresjennifer@paypal-alert.com,Your Password Will Expire,1,1,8,8,39,1,torresjennifer paypal alert com,your password will expire,paypal-alert.com,4
931,mary58@bankverify.net,Weekly Newsletter,1,1,4,1,137,0,mary58 bankverify net,weekly newsletter,bankverify.net,2
932,reneeperez@paypal-alert.com,Bank Account Locked,1,0,9,5,44,1,reneeperez paypal alert com,bank account locked,paypal-alert.com,3
933,kevin49@company-secure.com,Project Update,0,1,2,1,271,0,kevin49 company secure com,project update,company-secure.com,2
934,michaelruiz@company-secure.com,Urgent Account Verification,1,1,8,8,40,1,michaelruiz company secure com,urgent account verification,company-secure.com,3
935,lisayoung@company-secure.com,Weekly Newsletter,1,1,1,2,137,0,lisayoung company secure com,weekly newsletter,company-secure.com,2
936,jonathan52@paypal-alert.com,Meeting Reminder,1,1,1,1,127,0,jonathan52 paypal alert com,meeting reminder,paypal-alert.com,2
937,melanie97@paypal-alert.com,Suspicious Login Attempt,1,1,8,10,81,1,melanie97 paypal alert com,suspicious login attempt,paypal-alert.com,3
938,pittmandrew@company-secure.com,Weekly Newsletter,1,1,1,0,193,0,pittmandrew company secure com,weekly newsletter,company-secure.com,2
939,melissawebster@company-secure.com,Project Update,0,0,1,0,198,0,melissawebster company secure com,project update,company-secure.com,2
940,james71@bankverify.net,Your Password Will Expire,0,0,8,8,94,1,james71 bankverify net,your password will expire,bankverify.net,4
941,sandra46@gmail.com,Urgent Account Verification,1,1,7,5,99,1,sandra46 gmail com,urgent account verification,gmail.com,3
942,gregg66@paypal-alert.com,Your Password Will Expire,1,0,8,3,21,1,gregg66 paypal alert com,your password will expire,paypal-alert.com,4
943,johndoyle@outlook.com,Weekly Newsletter,1,0,3,1,121,0,johndoyle outlook com,weekly newsletter,outlook.com,2
944,okelly@company-secure.com,Bank Account Locked,1,0,8,3,48,1,okelly company secure com,bank account locked,company-secure.com,3
945,christinarasmussen@gmail.com,Interview Schedule,0,0,1,0,275,0,christinarasmussen gmail com,interview schedule,gmail.com,2
946,fwillis@bankverify.net,Bank Account Locked,1,1,7,5,115,1,fwillis bankverify net,bank account locked,bankverify.net,3
947,rebecca49@company-secure.com,Suspicious Login Attempt,1,0,9,9,68,1,rebecca49 company secure com,suspicious login attempt,company-secure.com,3
948,vjimenez@bankverify.net,Urgent Account Verification,1,1,10,3,82,1,vjimenez bankverify net,urgent account verification,bankverify.net,3
949,wardbenjamin@outlook.com,Weekly Newsletter,1,1,3,2,231,0,wardbenjamin outlook com,weekly newsletter,outlook.com,2
950,hudsonruth@gmail.com,Invoice Attached,0,0,5,1,208,0,hudsonruth gmail com,invoice attached,gmail.com,2
951,bschneider@outlook.com,Your Password Will Expire,0,1,9,3,48,1,bschneider outlook com,your password will expire,outlook.com,4
952,vmiller@company-secure.com,Suspicious Login Attempt,0,1,8,9,67,1,vmiller company secure com,suspicious login attempt,company-secure.com,3
953,jeffreyjackson@gmail.com,Urgent Account Verification,0,0,10,5,34,1,jeffreyjackson gmail com,urgent account verification,gmail.com,3
954,grant94@bankverify.net,Claim Your Reward Now,1,0,9,10,26,1,grant94 bankverify net,claim your reward now,bankverify.net,4
955,owensbrianna@company-secure.com,Urgent Account Verification,0,1,10,9,85,1,owensbrianna company secure com,urgent account verification,company-secure.com,3
956,williamshannah@outlook.com,Suspicious Login Attempt,1,0,8,3,87,1,williamshannah outlook com,suspicious login attempt,outlook.com,3
957,richard03@gmail.com,Bank Account Locked,1,1,9,7,82,1,richard03 gmail com,bank account locked,gmail.com,3
958,martinstacey@paypal-alert.com,Project Update,1,0,5,2,182,0,martinstacey paypal alert com,project update,paypal-alert.com,2
959,brandon79@paypal-alert.com,Invoice Attached,1,1,4,2,137,0,brandon79 paypal alert com,invoice attached,paypal-alert.com,2
960,kevinstrong@outlook.com,Invoice Attached,1,0,2,0,234,0,kevinstrong outlook com,invoice attached,outlook.com,2
961,johnsonmichael@paypal-alert.com,Claim Your Reward Now,1,0,8,4,99,1,johnsonmichael paypal alert com,claim your reward now,paypal-alert.com,4
962,kyle19@company-secure.com,Project Update,1,1,5,2,245,0,kyle19 company secure com,project update,company-secure.com,2
963,christopher94@company-secure.com,Bank Account Locked,0,1,8,7,24,1,christopher94 company secure com,bank account locked,company-secure.com,3
964,jon04@bankverify.net,Suspicious Login Attempt,1,0,9,5,80,1,jon04 bankverify net,suspicious login attempt,bankverify.net,3
965,williamsgwendolyn@gmail.com,Weekly Newsletter,1,0,5,1,251,0,williamsgwendolyn gmail com,weekly newsletter,gmail.com,2
966,tammyjones@gmail.com,Interview Schedule,1,1,2,2,83,0,tammyjones gmail com,interview schedule,gmail.com,2
967,nathannewman@gmail.com,Bank Account Locked,0,0,7,6,81,1,nathannewman gmail com,bank account locked,gmail.com,3
968,taramartinez@company-secure.com,Invoice Attached,1,0,3,2,105,0,taramartinez company secure com,invoice attached,company-secure.com,2
969,calhounhaley@bankverify.net,Weekly Newsletter,0,1,1,2,196,0,calhounhaley bankverify net,weekly newsletter,bankverify.net,2
970,richard15@paypal-alert.com,Invoice Attached,0,0,4,2,231,0,richard15 paypal alert com,invoice attached,paypal-alert.com,2
971,matthewwilliams@company-secure.com,Suspicious Login Attempt,1,0,8,6,91,1,matthewwilliams company secure com,suspicious login attempt,company-secure.com,3
972,tannerfrazier@paypal-alert.com,Bank Account Locked,0,0,9,5,56,1,tannerfrazier paypal alert com,bank account locked,paypal-alert.com,3
973,lori32@paypal-alert.com,Invoice Attached,0,1,3,2,221,0,lori32 paypal alert com,invoice attached,paypal-alert.com,2
974,morgannicholas@company-secure.com,Meeting Reminder,0,0,5,0,182,0,morgannicholas company secure com,meeting reminder,company-secure.com,2
975,jessicapearson@outlook.com,Urgent Account Verification,1,0,10,10,85,1,jessicapearson outlook com,urgent account verification,outlook.com,3
976,justin99@gmail.com,Claim Your Reward Now,1,0,9,3,89,1,justin99 gmail com,claim your reward now,gmail.com,4
977,brian76@gmail.com,Your Password Will Expire,0,1,9,3,58,1,brian76 gmail com,your password will expire,gmail.com,4
978,marymartinez@company-secure.com,Your Password Will Expire,0,1,10,6,28,1,marymartinez company secure com,your password will expire,company-secure.com,4
979,sjensen@outlook.com,Urgent Account Verification,1,0,9,10,93,1,sjensen outlook com,urgent account verification,outlook.com,3
980,larasally@outlook.com,Your Password Will Expire,1,1,9,9,73,1,larasally outlook com,your password will expire,outlook.com,4
981,daniellehughes@gmail.com,Project Update,1,1,1,2,114,0,daniellehughes gmail com,project update,gmail.com,2
982,kendra71@company-secure.com,Suspicious Login Attempt,0,1,9,3,38,1,kendra71 company secure com,suspicious login attempt,company-secure.com,3
983,coxmiranda@bankverify.net,Meeting Reminder,1,1,3,0,230,0,coxmiranda bankverify net,meeting reminder,bankverify.net,2
984,travis32@outlook.com,Weekly Newsletter,0,1,5,1,107,0,travis32 outlook com,weekly newsletter,outlook.com,2
985,sabrina64@company-secure.com,Meeting Reminder,1,1,2,1,95,0,sabrina64 company secure com,meeting reminder,company-secure.com,2
986,jennifer19@company-secure.com,Your Password Will Expire,1,0,10,7,108,1,jennifer19 company secure com,your password will expire,company-secure.com,4
987,jennifer60@company-secure.com,Project Update,1,0,2,1,223,0,jennifer60 company secure com,project update,company-secure.com,2
988,xzavala@bankverify.net,Weekly Newsletter,1,1,1,0,212,0,xzavala bankverify net,weekly newsletter,bankverify.net,2
989,wendy93@company-secure.com,Interview Schedule,0,0,1,2,234,0,wendy93 company secure com,interview schedule,company-secure.com,2
990,jordanamy@outlook.com,Bank Account Locked,1,0,8,5,24,1,jordanamy outlook com,bank account locked,outlook.com,3
991,tallison@company-secure.com,Invoice Attached,1,0,5,2,102,0,tallison company secure com,invoice attached,company-secure.com,2
992,kking@outlook.com,Meeting Reminder,0,0,5,1,300,0,kking outlook com,meeting reminder,outlook.com,2
993,bennettjeremy@gmail.com,Interview Schedule,1,1,1,2,287,0,bennettjeremy gmail com,interview schedule,gmail.com,2
994,caseyallen@paypal-alert.com,Bank Account Locked,1,0,8,9,79,1,caseyallen paypal alert com,bank account locked,paypal-alert.com,3
995,jennifer76@company-secure.com,Project Update,0,0,4,2,294,0,jennifer76 company secure com,project update,company-secure.com,2
996,alyssa12@company-secure.com,Suspicious Login Attempt,1,0,8,6,91,1,alyssa12 company secure com,suspicious login attempt,company-secure.com,3
997,elizabeth62@company-secure.com,Interview Schedule,1,1,5,1,262,0,elizabeth62 company secure com,interview schedule,company-secure.com,2
998,christian84@gmail.com,Project Update,1,1,5,2,112,0,christian84 gmail com,project update,gmail.com,2
999,james96@gmail.com,Project Update,1,1,4,2,296,0,james96 gmail com,project update,gmail.com,2
1000,molly61@company-secure.com,Your Password Will Expire,1,1,8,10,45,1,molly61 company secure com,your password will expire,company-secure.com,4
1001,wpena@bankverify.net,Bank Account Locked,0,1,8,7,37,1,wpena bankverify net,bank account locked,bankverify.net,3
1002,garyhaney@company-secure.com,Project Update,1,1,2,1,256,0,garyhaney company secure com,project update,company-secure.com,2
1003,melissa73@company-secure.com,Claim Your Reward Now,1,0,7,6,38,1,melissa73 company secure com,claim your reward now,company-secure.com,4
1004,alexandra00@company-secure.com,Urgent Account Verification,0,1,7,9,111,1,alexandra00 company secure com,urgent account verification,company-secure.com,3
1005,batesrandy@outlook.com,Interview Schedule,1,1,1,2,176,0,batesrandy outlook com,interview schedule,outlook.com,2
1006,isaiah13@outlook.com,Claim Your Reward Now,0,1,10,4,32,1,isaiah13 outlook com,claim your reward now,outlook.com,4
1007,johnnywilliams@bankverify.net,Interview Schedule,1,0,4,1,93,0,johnnywilliams bankverify net,interview schedule,bankverify.net,2
1008,sdalton@company-secure.com,Urgent Account Verification,1,1,10,4,79,1,sdalton company secure com,urgent account verification,company-secure.com,3
1009,beth38@gmail.com,Suspicious Login Attempt,0,0,7,7,41,1,beth38 gmail com,suspicious login attempt,gmail.com,3
1010,njones@gmail.com,Weekly Newsletter,1,1,4,0,145,0,njones gmail com,weekly newsletter,gmail.com,2
1011,dunnstephen@outlook.com,Urgent Account Verification,1,1,7,9,41,1,dunnstephen outlook com,urgent account verification,outlook.com,3
1012,benjamin13@paypal-alert.com,Invoice Attached,1,0,1,1,252,0,benjamin13 paypal alert com,invoice attached,paypal-alert.com,2
1013,ajefferson@company-secure.com,Weekly Newsletter,0,1,3,1,251,0,ajefferson company secure com,weekly newsletter,company-secure.com,2
1014,hancockcheryl@paypal-alert.com,Suspicious Login Attempt,1,1,7,5,40,1,hancockcheryl paypal alert com,suspicious login attempt,paypal-alert.com,3
1015,georgerichard@outlook.com,Your Password Will Expire,1,0,9,3,58,1,georgerichard outlook com,your password will expire,outlook.com,4
1016,qfowler@outlook.com,Urgent Account Verification,1,0,9,7,117,1,qfowler outlook com,urgent account verification,outlook.com,3
1017,xconley@gmail.com,Interview Schedule,1,1,3,0,286,0,xconley gmail com,interview schedule,gmail.com,2
1018,kathrynmorris@gmail.com,Invoice Attached,1,0,1,2,246,0,kathrynmorris gmail com,invoice attached,gmail.com,2
1019,samuel73@outlook.com,Interview Schedule,1,0,4,2,289,0,samuel73 outlook com,interview schedule,outlook.com,2
1020,xgreen@outlook.com,Bank Account Locked,1,0,10,4,43,1,xgreen outlook com,bank account locked,outlook.com,3
1021,veronicatapia@company-secure.com,Meeting Reminder,0,1,4,0,134,0,veronicatapia company secure com,meeting reminder,company-secure.com,2
1022,higginsscott@outlook.com,Meeting Reminder,1,1,3,0,156,0,higginsscott outlook com,meeting reminder,outlook.com,2
1023,rnielsen@paypal-alert.com,Suspicious Login Attempt,1,0,9,9,104,1,rnielsen paypal alert com,suspicious login attempt,paypal-alert.com,3
1024,sbarton@paypal-alert.com,Claim Your Reward Now,1,1,10,6,59,1,sbarton paypal alert com,claim your reward now,paypal-alert.com,4
1025,chambersjulie@company-secure.com,Invoice Attached,0,0,5,0,235,0,chambersjulie company secure com,invoice attached,company-secure.com,2
1026,estesvictoria@company-secure.com,Project Update,0,0,1,0,284,0,estesvictoria company secure com,project update,company-secure.com,2
1027,rscott@gmail.com,Meeting Reminder,0,0,5,1,295,0,rscott gmail com,meeting reminder,gmail.com,2
1028,alvin12@outlook.com,Project Update,0,0,3,2,255,0,alvin12 outlook com,project update,outlook.com,2
1029,david21@gmail.com,Claim Your Reward Now,0,0,7,10,47,1,david21 gmail com,claim your reward now,gmail.com,4
1030,thomasstephen@outlook.com,Meeting Reminder,1,0,5,2,278,0,thomasstephen outlook com,meeting reminder,outlook.com,2
1031,eric33@outlook.com,Bank Account Locked,0,1,8,7,34,1,eric33 outlook com,bank account locked,outlook.com,3
1032,nlucas@paypal-alert.com,Suspicious Login Attempt,1,1,8,4,91,1,nlucas paypal alert com,suspicious login attempt,paypal-alert.com,3
1033,shawn72@outlook.com,Urgent Account Verification,1,1,10,6,36,1,shawn72 outlook com,urgent account verification,outlook.com,3
1034,glucas@bankverify.net,Project Update,0,0,2,2,100,0,glucas bankverify net,project update,bankverify.net,2
1035,brandongray@company-secure.com,Project Update,0,0,2,0,145,0,brandongray company secure com,project update,company-secure.com,2
1036,scottdavid@outlook.com,Meeting Reminder,0,1,4,1,297,0,scottdavid outlook com,meeting reminder,outlook.com,2
1037,keith97@company-secure.com,Invoice Attached,1,0,3,0,300,0,keith97 company secure com,invoice attached,company-secure.com,2
1038,patrickshaw@paypal-alert.com,Invoice Attached,0,0,2,0,276,0,patrickshaw paypal alert com,invoice attached,paypal-alert.com,2
1039,jenniferholloway@gmail.com,Claim Your Reward Now,1,0,9,10,100,1,jenniferholloway gmail com,claim your reward now,gmail.com,4
1040,lawrencelawson@outlook.com,Claim Your Reward Now,1,0,7,7,50,1,lawrencelawson outlook com,claim your reward now,outlook.com,4
1041,udavis@outlook.com,Invoice Attached,1,0,5,2,85,0,udavis outlook com,invoice attached,outlook.com,2
1042,laurahicks@outlook.com,Meeting Reminder,1,0,3,1,258,0,laurahicks outlook com,meeting reminder,outlook.com,2
1043,tiffanyheath@bankverify.net,Interview Schedule,0,1,5,2,226,0,tiffanyheath bankverify net,interview schedule,bankverify.net,2
1044,timothywilliams@gmail.com,Bank Account Locked,1,1,10,10,21,1,timothywilliams gmail com,bank account locked,gmail.com,3
1045,william55@gmail.com,Invoice Attached,1,0,1,0,276,0,william55 gmail com,invoice attached,gmail.com,2
1046,singhthomas@outlook.com,Weekly Newsletter,1,1,2,0,264,0,singhthomas outlook com,weekly newsletter,outlook.com,2
1047,elizabeth41@company-secure.com,Suspicious Login Attempt,1,0,7,3,73,1,elizabeth41 company secure com,suspicious login attempt,company-secure.com,3
1048,ann84@paypal-alert.com,Interview Schedule,1,1,5,0,230,0,ann84 paypal alert com,interview schedule,paypal-alert.com,2
1049,dlewis@paypal-alert.com,Weekly Newsletter,0,1,4,0,297,0,dlewis paypal alert com,weekly newsletter,paypal-alert.com,2
1050,kevin30@bankverify.net,Meeting Reminder,1,0,5,2,83,0,kevin30 bankverify net,meeting reminder,bankverify.net,2
1051,wilsondarrell@outlook.com,Urgent Account Verification,1,1,8,5,59,1,wilsondarrell outlook com,urgent account verification,outlook.com,3
1052,xadkins@bankverify.net,Bank Account Locked,0,0,10,9,95,1,xadkins bankverify net,bank account locked,bankverify.net,3
1053,orobertson@outlook.com,Weekly Newsletter,1,1,5,2,240,0,orobertson outlook com,weekly newsletter,outlook.com,2
1054,mking@paypal-alert.com,Claim Your Reward Now,1,0,9,10,70,1,mking paypal alert com,claim your reward now,paypal-alert.com,4
1055,littleregina@company-secure.com,Bank Account Locked,1,1,9,3,54,1,littleregina company secure com,bank account locked,company-secure.com,3
1056,anthony42@company-secure.com,Suspicious Login Attempt,0,1,8,9,69,1,anthony42 company secure com,suspicious login attempt,company-secure.com,3
1057,williamssusan@company-secure.com,Project Update,1,0,1,2,143,0,williamssusan company secure com,project update,company-secure.com,2
1058,cheryl81@gmail.com,Weekly Newsletter,1,0,4,2,248,0,cheryl81 gmail com,weekly newsletter,gmail.com,2
1059,buchananscott@paypal-alert.com,Meeting Reminder,0,1,3,0,80,0,buchananscott paypal alert com,meeting reminder,paypal-alert.com,2
1060,phall@bankverify.net,Project Update,0,1,4,1,118,0,phall bankverify net,project update,bankverify.net,2
1061,tracy81@outlook.com,Weekly Newsletter,1,0,2,2,94,0,tracy81 outlook com,weekly newsletter,outlook.com,2
1062,zjones@company-secure.com,Project Update,0,1,1,1,275,0,zjones company secure com,project update,company-secure.com,2
1063,fdunlap@gmail.com,Urgent Account Verification,1,1,7,5,59,1,fdunlap gmail com,urgent account verification,gmail.com,3
1064,zbradley@gmail.com,Claim Your Reward Now,1,0,10,10,25,1,zbradley gmail com,claim your reward now,gmail.com,4
1065,tlee@bankverify.net,Claim Your Reward Now,0,1,8,3,92,1,tlee bankverify net,claim your reward now,bankverify.net,4
1066,nathaniel71@outlook.com,Claim Your Reward Now,1,0,7,3,64,1,nathaniel71 outlook com,claim your reward now,outlook.com,4
1067,michellecurtis@gmail.com,Project Update,0,0,5,1,230,0,michellecurtis gmail com,project update,gmail.com,2
1068,lorrainejohnson@gmail.com,Weekly Newsletter,0,0,4,0,234,0,lorrainejohnson gmail com,weekly newsletter,gmail.com,2
1069,joe78@gmail.com,Meeting Reminder,1,1,4,2,169,0,joe78 gmail com,meeting reminder,gmail.com,2
1070,morrisonkenneth@gmail.com,Invoice Attached,0,1,1,0,214,0,morrisonkenneth gmail com,invoice attached,gmail.com,2
1071,smithmarissa@company-secure.com,Meeting Reminder,0,1,2,2,107,0,smithmarissa company secure com,meeting reminder,company-secure.com,2
1072,weekskristi@gmail.com,Project Update,0,1,1,2,255,0,weekskristi gmail com,project update,gmail.com,2
1073,teresadurham@paypal-alert.com,Your Password Will Expire,0,0,8,4,49,1,teresadurham paypal alert com,your password will expire,paypal-alert.com,4
1074,veronicapace@bankverify.net,Bank Account Locked,1,1,10,4,62,1,veronicapace bankverify net,bank account locked,bankverify.net,3
1075,curtisjustin@outlook.com,Project Update,0,1,2,2,183,0,curtisjustin outlook com,project update,outlook.com,2
1076,julie91@bankverify.net,Your Password Will Expire,1,1,8,5,55,1,julie91 bankverify net,your password will expire,bankverify.net,4
1077,judy21@outlook.com,Interview Schedule,1,0,5,1,187,0,judy21 outlook com,interview schedule,outlook.com,2
1078,ssmith@outlook.com,Your Password Will Expire,1,1,8,5,66,1,ssmith outlook com,your password will expire,outlook.com,4
1079,uwilson@paypal-alert.com,Suspicious Login Attempt,1,0,9,8,75,1,uwilson paypal alert com,suspicious login attempt,paypal-alert.com,3
1080,meredith40@gmail.com,Urgent Account Verification,0,0,8,8,35,1,meredith40 gmail com,urgent account verification,gmail.com,3
1081,hilljessica@paypal-alert.com,Interview Schedule,0,0,3,1,137,0,hilljessica paypal alert com,interview schedule,paypal-alert.com,2
1082,perezjennifer@outlook.com,Invoice Attached,1,0,5,0,87,0,perezjennifer outlook com,invoice attached,outlook.com,2
1083,clopez@bankverify.net,Your Password Will Expire,0,1,9,8,94,1,clopez bankverify net,your password will expire,bankverify.net,4
1084,qphillips@paypal-alert.com,Meeting Reminder,1,0,5,1,101,0,qphillips paypal alert com,meeting reminder,paypal-alert.com,2
1085,christinakaiser@bankverify.net,Weekly Newsletter,1,0,1,2,193,0,christinakaiser bankverify net,weekly newsletter,bankverify.net,2
1086,adamjohnson@outlook.com,Project Update,0,1,2,2,106,0,adamjohnson outlook com,project update,outlook.com,2
1087,patricia51@bankverify.net,Urgent Account Verification,1,1,9,7,36,1,patricia51 bankverify net,urgent account verification,bankverify.net,3
1088,ryannicholas@paypal-alert.com,Suspicious Login Attempt,1,1,9,7,87,1,ryannicholas paypal alert com,suspicious login attempt,paypal-alert.com,3
1089,sjohnson@paypal-alert.com,Claim Your Reward Now,1,1,7,9,63,1,sjohnson paypal alert com,claim your reward now,paypal-alert.com,4
1090,david45@outlook.com,Urgent Account Verification,0,1,7,10,96,1,david45 outlook com,urgent account verification,outlook.com,3
1091,costaethan@company-secure.com,Your Password Will Expire,1,1,10,6,33,1,costaethan company secure com,your password will expire,company-secure.com,4
1092,ebell@gmail.com,Claim Your Reward Now,1,0,7,10,47,1,ebell gmail com,claim your reward now,gmail.com,4
1093,vancejoshua@gmail.com,Claim Your Reward Now,1,0,10,4,89,1,vancejoshua gmail com,claim your reward now,gmail.com,4
1094,cgonzalez@gmail.com,Bank Account Locked,1,1,9,6,75,1,cgonzalez gmail com,bank account locked,gmail.com,3
1095,martinchristopher@paypal-alert.com,Claim Your Reward Now,0,0,8,3,109,1,martinchristopher paypal alert com,claim your reward now,paypal-alert.com,4
1096,schmidtjeff@paypal-alert.com,Invoice Attached,0,0,2,2,134,0,schmidtjeff paypal alert com,invoice attached,paypal-alert.com,2
1097,justin16@gmail.com,Bank Account Locked,1,1,7,10,118,1,justin16 gmail com,bank account locked,gmail.com,3
1098,jaredhoward@company-secure.com,Weekly Newsletter,1,1,2,1,122,0,jaredhoward company secure com,weekly newsletter,company-secure.com,2
1099,flemingsteven@company-secure.com,Project Update,0,0,3,2,126,0,flemingsteven company secure com,project update,company-secure.com,2
1100,laurahuff@gmail.com,Project Update,1,0,2,0,222,0,laurahuff gmail com,project update,gmail.com,2
1101,jwalsh@outlook.com,Urgent Account Verification,1,1,9,4,67,1,jwalsh outlook com,urgent account verification,outlook.com,3
1102,nicholas25@bankverify.net,Meeting Reminder,0,0,3,2,188,0,nicholas25 bankverify net,meeting reminder,bankverify.net,2
1103,ryoung@gmail.com,Invoice Attached,0,1,2,0,285,0,ryoung gmail com,invoice attached,gmail.com,2
1104,williamsbilly@outlook.com,Your Password Will Expire,1,1,7,5,35,1,williamsbilly outlook com,your password will expire,outlook.com,4
1105,ugarcia@bankverify.net,Interview Schedule,0,1,4,1,299,0,ugarcia bankverify net,interview schedule,bankverify.net,2
1106,howardmary@outlook.com,Urgent Account Verification,0,0,8,4,90,1,howardmary outlook com,urgent account verification,outlook.com,3
1107,thomasmelton@outlook.com,Suspicious Login Attempt,1,1,9,9,106,1,thomasmelton outlook com,suspicious login attempt,outlook.com,3
1108,chamberskelly@paypal-alert.com,Urgent Account Verification,1,0,7,10,63,1,chamberskelly paypal alert com,urgent account verification,paypal-alert.com,3
1109,joanmatthews@gmail.com,Suspicious Login Attempt,1,0,7,10,117,1,joanmatthews gmail com,suspicious login attempt,gmail.com,3
1110,cooperwilliam@gmail.com,Suspicious Login Attempt,0,1,9,5,56,1,cooperwilliam gmail com,suspicious login attempt,gmail.com,3
1111,tracy57@company-secure.com,Urgent Account Verification,1,0,8,8,23,1,tracy57 company secure com,urgent account verification,company-secure.com,3
1112,nhuynh@gmail.com,Suspicious Login Attempt,1,0,9,4,36,1,nhuynh gmail com,suspicious login attempt,gmail.com,3
1113,zhaynes@paypal-alert.com,Suspicious Login Attempt,1,0,10,4,70,1,zhaynes paypal alert com,suspicious login attempt,paypal-alert.com,3
1114,andrea56@outlook.com,Invoice Attached,0,0,2,1,98,0,andrea56 outlook com,invoice attached,outlook.com,2
1115,peterssharon@paypal-alert.com,Meeting Reminder,0,1,3,2,181,0,peterssharon paypal alert com,meeting reminder,paypal-alert.com,2
1116,randalljonathan@gmail.com,Meeting Reminder,0,1,1,2,187,0,randalljonathan gmail com,meeting reminder,gmail.com,2
1117,louis83@gmail.com,Weekly Newsletter,0,0,5,1,300,0,louis83 gmail com,weekly newsletter,gmail.com,2
1118,kjackson@outlook.com,Project Update,0,1,2,1,258,0,kjackson outlook com,project update,outlook.com,2
1119,dclark@paypal-alert.com,Urgent Account Verification,0,0,10,6,74,1,dclark paypal alert com,urgent account verification,paypal-alert.com,3
1120,kevinowens@company-secure.com,Suspicious Login Attempt,1,1,9,7,24,1,kevinowens company secure com,suspicious login attempt,company-secure.com,3
1121,hgregory@outlook.com,Invoice Attached,0,1,3,0,255,0,hgregory outlook com,invoice attached,outlook.com,2
1122,chrismartinez@bankverify.net,Your Password Will Expire,1,0,9,8,96,1,chrismartinez bankverify net,your password will expire,bankverify.net,4
1123,logan35@bankverify.net,Urgent Account Verification,1,0,8,4,54,1,logan35 bankverify net,urgent account verification,bankverify.net,3
1124,heidi43@company-secure.com,Meeting Reminder,0,1,1,0,165,0,heidi43 company secure com,meeting reminder,company-secure.com,2
1125,john85@gmail.com,Claim Your Reward Now,0,1,10,7,115,1,john85 gmail com,claim your reward now,gmail.com,4
1126,pcasey@bankverify.net,Your Password Will Expire,1,1,7,3,58,1,pcasey bankverify net,your password will expire,bankverify.net,4
1127,butlerapril@outlook.com,Your Password Will Expire,1,1,7,10,78,1,butlerapril outlook com,your password will expire,outlook.com,4
1128,uacevedo@company-secure.com,Suspicious Login Attempt,1,0,8,6,89,1,uacevedo company secure com,suspicious login attempt,company-secure.com,3
1129,fchan@gmail.com,Your Password Will Expire,1,1,10,8,28,1,fchan gmail com,your password will expire,gmail.com,4
1130,englishcynthia@outlook.com,Weekly Newsletter,1,0,4,0,89,0,englishcynthia outlook com,weekly newsletter,outlook.com,2
1131,armstronglori@bankverify.net,Project Update,1,0,5,0,185,0,armstronglori bankverify net,project update,bankverify.net,2
1132,hjohnston@gmail.com,Meeting Reminder,1,1,2,1,161,0,hjohnston gmail com,meeting reminder,gmail.com,2
1133,tony46@paypal-alert.com,Interview Schedule,1,0,2,0,285,0,tony46 paypal alert com,interview schedule,paypal-alert.com,2
1134,ellenelliott@company-secure.com,Claim Your Reward Now,1,0,7,7,85,1,ellenelliott company secure com,claim your reward now,company-secure.com,4
1135,mshepard@paypal-alert.com,Weekly Newsletter,0,1,4,1,254,0,mshepard paypal alert com,weekly newsletter,paypal-alert.com,2
1136,abradshaw@company-secure.com,Meeting Reminder,1,0,3,2,233,0,abradshaw company secure com,meeting reminder,company-secure.com,2
1137,tiffanybaker@gmail.com,Suspicious Login Attempt,1,1,10,4,117,1,tiffanybaker gmail com,suspicious login attempt,gmail.com,3
1138,nholland@company-secure.com,Claim Your Reward Now,0,1,7,5,110,1,nholland company secure com,claim your reward now,company-secure.com,4
1139,lindsaysutton@bankverify.net,Suspicious Login Attempt,1,0,7,9,47,1,lindsaysutton bankverify net,suspicious login attempt,bankverify.net,3
1140,hendersonbenjamin@company-secure.com,Bank Account Locked,1,1,9,7,43,1,hendersonbenjamin company secure com,bank account locked,company-secure.com,3
1141,woodanthony@company-secure.com,Suspicious Login Attempt,1,0,10,5,109,1,woodanthony company secure com,suspicious login attempt,company-secure.com,3
1142,robertchambers@bankverify.net,Claim Your Reward Now,1,1,9,8,56,1,robertchambers bankverify net,claim your reward now,bankverify.net,4
1143,kyle69@bankverify.net,Invoice Attached,0,0,1,2,82,0,kyle69 bankverify net,invoice attached,bankverify.net,2
1144,danielkoch@paypal-alert.com,Interview Schedule,0,0,3,2,190,0,danielkoch paypal alert com,interview schedule,paypal-alert.com,2
1145,gscott@company-secure.com,Weekly Newsletter,0,1,3,2,134,0,gscott company secure com,weekly newsletter,company-secure.com,2
1146,ccooper@gmail.com,Bank Account Locked,0,1,8,5,42,1,ccooper gmail com,bank account locked,gmail.com,3
1147,malik26@bankverify.net,Project Update,1,0,5,2,94,0,malik26 bankverify net,project update,bankverify.net,2
1148,brian24@gmail.com,Urgent Account Verification,1,0,8,7,60,1,brian24 gmail com,urgent account verification,gmail.com,3
1149,lauramoore@paypal-alert.com,Meeting Reminder,1,1,4,0,173,0,lauramoore paypal alert com,meeting reminder,paypal-alert.com,2
1150,ethanmurray@company-secure.com,Suspicious Login Attempt,1,0,7,7,43,1,ethanmurray company secure com,suspicious login attempt,company-secure.com,3
1151,ycantrell@paypal-alert.com,Suspicious Login Attempt,1,0,10,4,67,1,ycantrell paypal alert com,suspicious login attempt,paypal-alert.com,3
1152,jaime23@paypal-alert.com,Interview Schedule,0,0,5,2,257,0,jaime23 paypal alert com,interview schedule,paypal-alert.com,2
1153,nbeard@paypal-alert.com,Claim Your Reward Now,0,0,9,6,103,1,nbeard paypal alert com,claim your reward now,paypal-alert.com,4
1154,fisherclinton@company-secure.com,Claim Your Reward Now,1,0,7,4,24,1,fisherclinton company secure com,claim your reward now,company-secure.com,4
1155,xsmith@company-secure.com,Interview Schedule,0,0,4,0,168,0,xsmith company secure com,interview schedule,company-secure.com,2
1156,craneryan@outlook.com,Bank Account Locked,1,0,8,3,37,1,craneryan outlook com,bank account locked,outlook.com,3
1157,xblackwell@gmail.com,Your Password Will Expire,1,0,9,4,102,1,xblackwell gmail com,your password will expire,gmail.com,4
1158,leeemily@company-secure.com,Your Password Will Expire,0,1,8,7,110,1,leeemily company secure com,your password will expire,company-secure.com,4
1159,holmestimothy@gmail.com,Weekly Newsletter,1,1,5,1,162,0,holmestimothy gmail com,weekly newsletter,gmail.com,2
1160,qmaynard@gmail.com,Urgent Account Verification,1,0,9,4,24,1,qmaynard gmail com,urgent account verification,gmail.com,3
1161,youngalyssa@paypal-alert.com,Urgent Account Verification,1,0,7,8,28,1,youngalyssa paypal alert com,urgent account verification,paypal-alert.com,3
1162,aprilolson@gmail.com,Urgent Account Verification,1,0,7,4,39,1,aprilolson gmail com,urgent account verification,gmail.com,3
1163,kylewarner@outlook.com,Bank Account Locked,1,1,10,4,89,1,kylewarner outlook com,bank account locked,outlook.com,3
1164,randy28@gmail.com,Suspicious Login Attempt,1,0,10,8,83,1,randy28 gmail com,suspicious login attempt,gmail.com,3
1165,petermurphy@outlook.com,Project Update,0,0,5,1,172,0,petermurphy outlook com,project update,outlook.com,2
1166,amandaross@paypal-alert.com,Meeting Reminder,0,0,4,1,210,0,amandaross paypal alert com,meeting reminder,paypal-alert.com,2
1167,angel30@outlook.com,Invoice Attached,1,1,2,1,155,0,angel30 outlook com,invoice attached,outlook.com,2
1168,debra20@paypal-alert.com,Weekly Newsletter,1,0,2,0,92,0,debra20 paypal alert com,weekly newsletter,paypal-alert.com,2
1169,laurielee@bankverify.net,Weekly Newsletter,1,0,2,1,209,0,laurielee bankverify net,weekly newsletter,bankverify.net,2
1170,justinbrown@bankverify.net,Meeting Reminder,0,1,3,2,251,0,justinbrown bankverify net,meeting reminder,bankverify.net,2
1171,kylehatfield@outlook.com,Weekly Newsletter,0,0,2,0,249,0,kylehatfield outlook com,weekly newsletter,outlook.com,2
1172,gallen@bankverify.net,Bank Account Locked,0,0,9,4,68,1,gallen bankverify net,bank account locked,bankverify.net,3
1173,mary13@paypal-alert.com,Invoice Attached,1,0,1,0,100,0,mary13 paypal alert com,invoice attached,paypal-alert.com,2
1174,ayalaandrea@company-secure.com,Your Password Will Expire,1,0,10,8,24,1,ayalaandrea company secure com,your password will expire,company-secure.com,4
1175,rossjoseph@bankverify.net,Invoice Attached,1,0,1,2,81,0,rossjoseph bankverify net,invoice attached,bankverify.net,2
1176,brittanygonzalez@paypal-alert.com,Urgent Account Verification,1,0,7,6,60,1,brittanygonzalez paypal alert com,urgent account verification,paypal-alert.com,3
1177,dawnferguson@outlook.com,Invoice Attached,1,0,1,2,147,0,dawnferguson outlook com,invoice attached,outlook.com,2
1178,jenningsstephanie@bankverify.net,Bank Account Locked,0,1,8,4,51,1,jenningsstephanie bankverify net,bank account locked,bankverify.net,3
1179,mjames@company-secure.com,Meeting Reminder,1,0,3,1,198,0,mjames company secure com,meeting reminder,company-secure.com,2
1180,fperez@company-secure.com,Project Update,0,1,5,2,126,0,fperez company secure com,project update,company-secure.com,2
1181,ycameron@company-secure.com,Suspicious Login Attempt,1,1,9,5,53,1,ycameron company secure com,suspicious login attempt,company-secure.com,3
1182,jonathangonzales@bankverify.net,Interview Schedule,1,1,5,1,156,0,jonathangonzales bankverify net,interview schedule,bankverify.net,2
1183,adamsbrian@bankverify.net,Urgent Account Verification,1,1,9,9,120,1,adamsbrian bankverify net,urgent account verification,bankverify.net,3
1184,wpatel@bankverify.net,Your Password Will Expire,1,0,9,9,33,1,wpatel bankverify net,your password will expire,bankverify.net,4
1185,anne25@company-secure.com,Interview Schedule,1,1,4,0,117,0,anne25 company secure com,interview schedule,company-secure.com,2
1186,madeline94@company-secure.com,Your Password Will Expire,0,1,10,6,92,1,madeline94 company secure com,your password will expire,company-secure.com,4
1187,jacquelinemarshall@company-secure.com,Invoice Attached,0,0,1,2,155,0,jacquelinemarshall company secure com,invoice attached,company-secure.com,2
1188,martinmark@gmail.com,Bank Account Locked,0,1,7,10,25,1,martinmark gmail com,bank account locked,gmail.com,3
1189,kimberly49@outlook.com,Bank Account Locked,1,0,8,6,94,1,kimberly49 outlook com,bank account locked,outlook.com,3
1190,monicaflynn@company-secure.com,Project Update,1,0,5,2,136,0,monicaflynn company secure com,project update,company-secure.com,2
1191,jgreen@outlook.com,Interview Schedule,0,1,2,0,300,0,jgreen outlook com,interview schedule,outlook.com,2
1192,rollinsdonna@bankverify.net,Meeting Reminder,0,0,2,0,242,0,rollinsdonna bankverify net,meeting reminder,bankverify.net,2
1193,igreen@company-secure.com,Claim Your Reward Now,1,1,10,7,69,1,igreen company secure com,claim your reward now,company-secure.com,4
1194,halldanielle@company-secure.com,Suspicious Login Attempt,1,1,9,6,43,1,halldanielle company secure com,suspicious login attempt,company-secure.com,3
1195,kingsusan@bankverify.net,Interview Schedule,0,1,1,2,245,0,kingsusan bankverify net,interview schedule,bankverify.net,2
1196,megan66@gmail.com,Project Update,1,1,4,2,166,0,megan66 gmail com,project update,gmail.com,2
1197,jaredlewis@gmail.com,Project Update,1,0,1,1,100,0,jaredlewis gmail com,project update,gmail.com,2
1198,wongphillip@bankverify.net,Meeting Reminder,1,0,3,1,292,0,wongphillip bankverify net,meeting reminder,bankverify.net,2
1199,jamiewhite@gmail.com,Meeting Reminder,1,0,4,2,135,0,jamiewhite gmail com,meeting reminder,gmail.com,2
1200,morrisonthomas@paypal-alert.com,Claim Your Reward Now,0,0,7,4,46,1,morrisonthomas paypal alert com,claim your reward now,paypal-alert.com,4
1201,umccall@company-secure.com,Claim Your Reward Now,0,1,10,10,66,1,umccall company secure com,claim your reward now,company-secure.com,4
1202,ronaldjohnson@bankverify.net,Urgent Account Verification,1,1,9,8,47,1,ronaldjohnson bankverify net,urgent account verification,bankverify.net,3
1203,nunezlarry@bankverify.net,Interview Schedule,1,0,3,1,146,0,nunezlarry bankverify net,interview schedule,bankverify.net,2
1204,starkheidi@bankverify.net,Claim Your Reward Now,1,0,9,5,83,1,starkheidi bankverify net,claim your reward now,bankverify.net,4
1205,morasharon@bankverify.net,Meeting Reminder,1,1,2,2,254,0,morasharon bankverify net,meeting reminder,bankverify.net,2
1206,johnsonandrea@paypal-alert.com,Meeting Reminder,0,1,5,0,81,0,johnsonandrea paypal alert com,meeting reminder,paypal-alert.com,2
1207,philip48@gmail.com,Suspicious Login Attempt,1,1,10,6,85,1,philip48 gmail com,suspicious login attempt,gmail.com,3
1208,gonzalezdavid@company-secure.com,Claim Your Reward Now,1,0,7,6,118,1,gonzalezdavid company secure com,claim your reward now,company-secure.com,4
1209,zbowman@company-secure.com,Invoice Attached,0,0,3,1,169,0,zbowman company secure com,invoice attached,company-secure.com,2
1210,kaylaboyle@outlook.com,Suspicious Login Attempt,0,0,10,5,55,1,kaylaboyle outlook com,suspicious login attempt,outlook.com,3
1211,joshuawatkins@bankverify.net,Urgent Account Verification,1,1,9,7,83,1,joshuawatkins bankverify net,urgent account verification,bankverify.net,3
1212,myersdan@bankverify.net,Weekly Newsletter,1,0,2,2,194,0,myersdan bankverify net,weekly newsletter,bankverify.net,2
1213,tcole@paypal-alert.com,Interview Schedule,0,0,3,1,199,0,tcole paypal alert com,interview schedule,paypal-alert.com,2
1214,russell29@bankverify.net,Invoice Attached,1,0,3,2,211,0,russell29 bankverify net,invoice attached,bankverify.net,2
1215,jessicastephenson@outlook.com,Claim Your Reward Now,1,1,8,4,111,1,jessicastephenson outlook com,claim your reward now,outlook.com,4
1216,christophergalloway@bankverify.net,Your Password Will Expire,0,0,10,6,25,1,christophergalloway bankverify net,your password will expire,bankverify.net,4
1217,cynthiaschneider@gmail.com,Project Update,1,1,4,0,110,0,cynthiaschneider gmail com,project update,gmail.com,2
1218,jonathan46@paypal-alert.com,Suspicious Login Attempt,1,1,8,9,45,1,jonathan46 paypal alert com,suspicious login attempt,paypal-alert.com,3
1219,acostamary@bankverify.net,Claim Your Reward Now,1,1,8,5,39,1,acostamary bankverify net,claim your reward now,bankverify.net,4
1220,samanthahensley@outlook.com,Bank Account Locked,1,1,7,4,20,1,samanthahensley outlook com,bank account locked,outlook.com,3
1221,lesliesosa@outlook.com,Bank Account Locked,1,0,8,6,99,1,lesliesosa outlook com,bank account locked,outlook.com,3
1222,barbara08@paypal-alert.com,Urgent Account Verification,0,1,7,6,51,1,barbara08 paypal alert com,urgent account verification,paypal-alert.com,3
1223,sandrawilliams@company-secure.com,Urgent Account Verification,0,0,10,3,27,1,sandrawilliams company secure com,urgent account verification,company-secure.com,3
1224,kirkbrandon@outlook.com,Invoice Attached,1,1,2,0,282,0,kirkbrandon outlook com,invoice attached,outlook.com,2
1225,seancortez@paypal-alert.com,Weekly Newsletter,1,1,1,2,293,0,seancortez paypal alert com,weekly newsletter,paypal-alert.com,2
1226,anna69@gmail.com,Claim Your Reward Now,0,0,10,5,108,1,anna69 gmail com,claim your reward now,gmail.com,4
1227,annasmith@gmail.com,Bank Account Locked,1,0,9,6,29,1,annasmith gmail com,bank account locked,gmail.com,3
1228,ekennedy@gmail.com,Suspicious Login Attempt,1,1,7,5,34,1,ekennedy gmail com,suspicious login attempt,gmail.com,3
1229,qdavis@company-secure.com,Interview Schedule,1,0,1,0,165,0,qdavis company secure com,interview schedule,company-secure.com,2
1230,cruzjeremy@company-secure.com,Weekly Newsletter,0,0,5,0,283,0,cruzjeremy company secure com,weekly newsletter,company-secure.com,2
1231,ehart@outlook.com,Bank Account Locked,1,0,10,3,102,1,ehart outlook com,bank account locked,outlook.com,3
1232,ismith@company-secure.com,Suspicious Login Attempt,0,0,8,10,104,1,ismith company secure com,suspicious login attempt,company-secure.com,3
1233,robertsandrea@gmail.com,Your Password Will Expire,1,1,7,8,32,1,robertsandrea gmail com,your password will expire,gmail.com,4
1234,charlesguerrero@gmail.com,Invoice Attached,0,1,1,0,84,0,charlesguerrero gmail com,invoice attached,gmail.com,2
1235,wilsonbrent@outlook.com,Weekly Newsletter,0,0,3,2,220,0,wilsonbrent outlook com,weekly newsletter,outlook.com,2
1236,alyssasellers@paypal-alert.com,Interview Schedule,0,1,5,2,170,0,alyssasellers paypal alert com,interview schedule,paypal-alert.com,2
1237,brianahurst@paypal-alert.com,Claim Your Reward Now,1,1,10,5,109,1,brianahurst paypal alert com,claim your reward now,paypal-alert.com,4
1238,nhouse@paypal-alert.com,Meeting Reminder,0,0,4,1,257,0,nhouse paypal alert com,meeting reminder,paypal-alert.com,2
1239,annbrown@gmail.com,Weekly Newsletter,0,1,4,0,176,0,annbrown gmail com,weekly newsletter,gmail.com,2
1240,antoniorobinson@gmail.com,Your Password Will Expire,1,0,9,10,91,1,antoniorobinson gmail com,your password will expire,gmail.com,4
1241,melissa29@outlook.com,Interview Schedule,1,1,5,1,209,0,melissa29 outlook com,interview schedule,outlook.com,2
1242,david05@company-secure.com,Your Password Will Expire,1,1,9,7,59,1,david05 company secure com,your password will expire,company-secure.com,4
1243,jessicabowen@outlook.com,Bank Account Locked,1,0,9,4,75,1,jessicabowen outlook com,bank account locked,outlook.com,3
1244,patricia04@company-secure.com,Invoice Attached,0,0,4,0,104,0,patricia04 company secure com,invoice attached,company-secure.com,2
1245,sethsullivan@outlook.com,Urgent Account Verification,1,0,7,9,43,1,sethsullivan outlook com,urgent account verification,outlook.com,3
1246,michael09@outlook.com,Project Update,1,1,2,1,203,0,michael09 outlook com,project update,outlook.com,2
1247,zweaver@outlook.com,Urgent Account Verification,0,1,8,4,31,1,zweaver outlook com,urgent account verification,outlook.com,3
1248,jrogers@bankverify.net,Project Update,0,0,5,0,275,0,jrogers bankverify net,project update,bankverify.net,2
1249,hillbenjamin@paypal-alert.com,Urgent Account Verification,1,0,9,3,73,1,hillbenjamin paypal alert com,urgent account verification,paypal-alert.com,3
1250,philiprios@gmail.com,Project Update,1,0,2,2,300,0,philiprios gmail com,project update,gmail.com,2
1251,moralesmaria@paypal-alert.com,Meeting Reminder,0,0,3,2,278,0,moralesmaria paypal alert com,meeting reminder,paypal-alert.com,2
1252,aliciathomas@outlook.com,Your Password Will Expire,1,1,8,3,35,1,aliciathomas outlook com,your password will expire,outlook.com,4
1253,jennifer84@outlook.com,Your Password Will Expire,0,0,9,6,108,1,jennifer84 outlook com,your password will expire,outlook.com,4
1254,christopher25@paypal-alert.com,Urgent Account Verification,0,1,7,3,120,1,christopher25 paypal alert com,urgent account verification,paypal-alert.com,3
1255,matthewhansen@outlook.com,Claim Your Reward Now,1,0,9,7,106,1,matthewhansen outlook com,claim your reward now,outlook.com,4
1256,curtis34@outlook.com,Weekly Newsletter,0,1,4,1,298,0,curtis34 outlook com,weekly newsletter,outlook.com,2
1257,michelleswanson@company-secure.com,Bank Account Locked,0,1,10,8,76,1,michelleswanson company secure com,bank account locked,company-secure.com,3
1258,derekwilliams@gmail.com,Bank Account Locked,1,1,9,3,62,1,derekwilliams gmail com,bank account locked,gmail.com,3
1259,xnewton@bankverify.net,Weekly Newsletter,1,0,5,2,163,0,xnewton bankverify net,weekly newsletter,bankverify.net,2
1260,michael35@outlook.com,Project Update,1,1,3,1,194,0,michael35 outlook com,project update,outlook.com,2
1261,sheawayne@gmail.com,Weekly Newsletter,1,1,3,1,171,0,sheawayne gmail com,weekly newsletter,gmail.com,2
1262,joshua99@company-secure.com,Your Password Will Expire,1,1,10,4,105,1,joshua99 company secure com,your password will expire,company-secure.com,4
1263,jeffrey66@outlook.com,Interview Schedule,1,1,5,2,197,0,jeffrey66 outlook com,interview schedule,outlook.com,2
1264,michelleleonard@bankverify.net,Weekly Newsletter,1,0,1,2,186,0,michelleleonard bankverify net,weekly newsletter,bankverify.net,2
1265,tcastaneda@outlook.com,Claim Your Reward Now,1,0,10,3,102,1,tcastaneda outlook com,claim your reward now,outlook.com,4
1266,wmitchell@bankverify.net,Bank Account Locked,1,1,10,8,52,1,wmitchell bankverify net,bank account locked,bankverify.net,3
1267,zwilson@gmail.com,Suspicious Login Attempt,1,0,7,6,79,1,zwilson gmail com,suspicious login attempt,gmail.com,3
1268,ihamilton@outlook.com,Meeting Reminder,1,1,5,0,187,0,ihamilton outlook com,meeting reminder,outlook.com,2
1269,samuel95@outlook.com,Claim Your Reward Now,0,0,9,5,98,1,samuel95 outlook com,claim your reward now,outlook.com,4
1270,carrollsuzanne@gmail.com,Project Update,0,0,2,1,270,0,carrollsuzanne gmail com,project update,gmail.com,2
1271,bennettdavid@company-secure.com,Bank Account Locked,1,0,7,7,102,1,bennettdavid company secure com,bank account locked,company-secure.com,3
1272,kristenjackson@gmail.com,Meeting Reminder,1,1,2,1,157,0,kristenjackson gmail com,meeting reminder,gmail.com,2
1273,henrywest@company-secure.com,Claim Your Reward Now,1,0,7,10,110,1,henrywest company secure com,claim your reward now,company-secure.com,4
1274,codyrodriguez@outlook.com,Claim Your Reward Now,1,0,8,6,36,1,codyrodriguez outlook com,claim your reward now,outlook.com,4
1275,mjohnson@paypal-alert.com,Invoice Attached,0,1,4,0,286,0,mjohnson paypal alert com,invoice attached,paypal-alert.com,2
1276,michael71@paypal-alert.com,Bank Account Locked,1,0,9,4,45,1,michael71 paypal alert com,bank account locked,paypal-alert.com,3
1277,mollyhunt@paypal-alert.com,Interview Schedule,1,1,4,1,269,0,mollyhunt paypal alert com,interview schedule,paypal-alert.com,2
1278,haneyjames@gmail.com,Invoice Attached,1,1,2,2,118,0,haneyjames gmail com,invoice attached,gmail.com,2
1279,lisa21@outlook.com,Suspicious Login Attempt,1,0,9,9,90,1,lisa21 outlook com,suspicious login attempt,outlook.com,3
1280,serranoduane@bankverify.net,Weekly Newsletter,0,1,3,2,295,0,serranoduane bankverify net,weekly newsletter,bankverify.net,2
1281,barbaratucker@paypal-alert.com,Meeting Reminder,1,0,3,1,241,0,barbaratucker paypal alert com,meeting reminder,paypal-alert.com,2
1282,michaelferguson@company-secure.com,Project Update,1,0,5,1,247,0,michaelferguson company secure com,project update,company-secure.com,2
1283,upatterson@paypal-alert.com,Meeting Reminder,0,1,4,2,295,0,upatterson paypal alert com,meeting reminder,paypal-alert.com,2
1284,combskaren@company-secure.com,Suspicious Login Attempt,1,1,9,9,116,1,combskaren company secure com,suspicious login attempt,company-secure.com,3
1285,bobby37@paypal-alert.com,Weekly Newsletter,1,0,2,1,155,0,bobby37 paypal alert com,weekly newsletter,paypal-alert.com,2
1286,kim89@company-secure.com,Project Update,1,1,1,1,270,0,kim89 company secure com,project update,company-secure.com,2
1287,wgarcia@bankverify.net,Project Update,1,0,4,2,156,0,wgarcia bankverify net,project update,bankverify.net,2
1288,wheelerjamie@paypal-alert.com,Bank Account Locked,1,1,9,10,68,1,wheelerjamie paypal alert com,bank account locked,paypal-alert.com,3
1289,rebeccalee@paypal-alert.com,Invoice Attached,0,1,4,2,283,0,rebeccalee paypal alert com,invoice attached,paypal-alert.com,2
1290,mosescourtney@gmail.com,Invoice Attached,0,1,2,2,286,0,mosescourtney gmail com,invoice attached,gmail.com,2
1291,joneseric@company-secure.com,Project Update,1,0,1,1,300,0,joneseric company secure com,project update,company-secure.com,2
1292,daniel05@bankverify.net,Your Password Will Expire,1,0,10,5,82,1,daniel05 bankverify net,your password will expire,bankverify.net,4
1293,stevenwallace@company-secure.com,Weekly Newsletter,1,0,5,1,147,0,stevenwallace company secure com,weekly newsletter,company-secure.com,2
1294,treynolds@gmail.com,Claim Your Reward Now,1,0,9,9,71,1,treynolds gmail com,claim your reward now,gmail.com,4
1295,whitney53@gmail.com,Claim Your Reward Now,0,1,8,6,54,1,whitney53 gmail com,claim your reward now,gmail.com,4
1296,feliciathomas@gmail.com,Suspicious Login Attempt,1,1,7,6,23,1,feliciathomas gmail com,suspicious login attempt,gmail.com,3
1297,dylan40@paypal-alert.com,Meeting Reminder,1,1,1,2,245,0,dylan40 paypal alert com,meeting reminder,paypal-alert.com,2
1298,tford@company-secure.com,Bank Account Locked,0,1,8,4,84,1,tford company secure com,bank account locked,company-secure.com,3
1299,joseschwartz@paypal-alert.com,Weekly Newsletter,1,0,1,1,298,0,joseschwartz paypal alert com,weekly newsletter,paypal-alert.com,2
1300,wlopez@outlook.com,Project Update,1,1,4,2,113,0,wlopez outlook com,project update,outlook.com,2
1301,andre92@paypal-alert.com,Interview Schedule,0,0,5,2,209,0,andre92 paypal alert com,interview schedule,paypal-alert.com,2
1302,theresamoss@outlook.com,Project Update,1,0,4,1,141,0,theresamoss outlook com,project update,outlook.com,2
1303,james15@paypal-alert.com,Your Password Will Expire,1,0,7,8,30,1,james15 paypal alert com,your password will expire,paypal-alert.com,4
1304,gregoryheidi@bankverify.net,Your Password Will Expire,0,0,10,7,65,1,gregoryheidi bankverify net,your password will expire,bankverify.net,4
1305,nicolelandry@gmail.com,Weekly Newsletter,0,0,1,1,255,0,nicolelandry gmail com,weekly newsletter,gmail.com,2
1306,brookewilliams@gmail.com,Claim Your Reward Now,1,1,7,9,65,1,brookewilliams gmail com,claim your reward now,gmail.com,4
1307,jasmine28@outlook.com,Project Update,1,1,3,1,136,0,jasmine28 outlook com,project update,outlook.com,2
1308,marissawilliams@gmail.com,Weekly Newsletter,0,1,1,1,270,0,marissawilliams gmail com,weekly newsletter,gmail.com,2
1309,pjackson@outlook.com,Meeting Reminder,0,1,3,0,141,0,pjackson outlook com,meeting reminder,outlook.com,2
1310,amandasharp@bankverify.net,Meeting Reminder,0,0,2,0,98,0,amandasharp bankverify net,meeting reminder,bankverify.net,2
1311,jacobmartinez@company-secure.com,Suspicious Login Attempt,1,0,8,6,82,1,jacobmartinez company secure com,suspicious login attempt,company-secure.com,3
1312,tracyross@outlook.com,Weekly Newsletter,1,0,1,1,177,0,tracyross outlook com,weekly newsletter,outlook.com,2
1313,milesgabriel@gmail.com,Invoice Attached,0,0,4,0,246,0,milesgabriel gmail com,invoice attached,gmail.com,2
1314,jacob22@gmail.com,Meeting Reminder,0,1,1,1,192,0,jacob22 gmail com,meeting reminder,gmail.com,2
1315,william83@bankverify.net,Claim Your Reward Now,1,0,10,5,91,1,william83 bankverify net,claim your reward now,bankverify.net,4
1316,freynolds@company-secure.com,Suspicious Login Attempt,1,1,9,9,78,1,freynolds company secure com,suspicious login attempt,company-secure.com,3
1317,ronald29@bankverify.net,Suspicious Login Attempt,1,1,8,4,90,1,ronald29 bankverify net,suspicious login attempt,bankverify.net,3
1318,annhoward@outlook.com,Meeting Reminder,1,0,1,1,214,0,annhoward outlook com,meeting reminder,outlook.com,2
1319,davismargaret@company-secure.com,Project Update,0,0,5,2,222,0,davismargaret company secure com,project update,company-secure.com,2
1320,morgan34@gmail.com,Weekly Newsletter,0,1,5,0,289,0,morgan34 gmail com,weekly newsletter,gmail.com,2
1321,randy23@paypal-alert.com,Invoice Attached,1,1,2,0,139,0,randy23 paypal alert com,invoice attached,paypal-alert.com,2
1322,nicholasallen@gmail.com,Weekly Newsletter,1,0,4,2,256,0,nicholasallen gmail com,weekly newsletter,gmail.com,2
1323,anthonywolf@company-secure.com,Claim Your Reward Now,1,0,7,8,65,1,anthonywolf company secure com,claim your reward now,company-secure.com,4
1324,mdavis@paypal-alert.com,Suspicious Login Attempt,1,0,7,7,41,1,mdavis paypal alert com,suspicious login attempt,paypal-alert.com,3
1325,johnsongary@outlook.com,Meeting Reminder,0,1,1,0,96,0,johnsongary outlook com,meeting reminder,outlook.com,2
1326,emma52@gmail.com,Suspicious Login Attempt,1,0,9,10,75,1,emma52 gmail com,suspicious login attempt,gmail.com,3
1327,moyerkathy@company-secure.com,Project Update,1,0,2,1,134,0,moyerkathy company secure com,project update,company-secure.com,2
1328,briggsjessica@company-secure.com,Bank Account Locked,1,1,9,9,63,1,briggsjessica company secure com,bank account locked,company-secure.com,3
1329,brian93@outlook.com,Project Update,0,1,5,1,226,0,brian93 outlook com,project update,outlook.com,2
1330,annamarshall@company-secure.com,Weekly Newsletter,1,1,2,0,109,0,annamarshall company secure com,weekly newsletter,company-secure.com,2
1331,williamscharles@company-secure.com,Claim Your Reward Now,1,0,8,10,96,1,williamscharles company secure com,claim your reward now,company-secure.com,4
1332,tcain@company-secure.com,Project Update,1,0,3,2,104,0,tcain company secure com,project update,company-secure.com,2
1333,nkelly@gmail.com,Your Password Will Expire,1,1,7,7,113,1,nkelly gmail com,your password will expire,gmail.com,4
1334,lisa81@gmail.com,Invoice Attached,0,1,2,1,232,0,lisa81 gmail com,invoice attached,gmail.com,2
1335,greenkathleen@outlook.com,Weekly Newsletter,0,0,3,2,145,0,greenkathleen outlook com,weekly newsletter,outlook.com,2
1336,dlopez@gmail.com,Suspicious Login Attempt,0,1,10,10,91,1,dlopez gmail com,suspicious login attempt,gmail.com,3
1337,daniel83@outlook.com,Weekly Newsletter,0,1,3,1,120,0,daniel83 outlook com,weekly newsletter,outlook.com,2
1338,batespaige@paypal-alert.com,Claim Your Reward Now,1,0,7,3,92,1,batespaige paypal alert com,claim your reward now,paypal-alert.com,4
1339,scottnatasha@company-secure.com,Urgent Account Verification,0,0,7,3,87,1,scottnatasha company secure com,urgent account verification,company-secure.com,3
1340,wangapril@company-secure.com,Bank Account Locked,0,1,9,7,70,1,wangapril company secure com,bank account locked,company-secure.com,3
1341,bgordon@outlook.com,Weekly Newsletter,0,1,4,2,181,0,bgordon outlook com,weekly newsletter,outlook.com,2
1342,sarahrichard@company-secure.com,Your Password Will Expire,1,1,8,8,108,1,sarahrichard company secure com,your password will expire,company-secure.com,4
1343,michael40@paypal-alert.com,Project Update,0,0,2,1,180,0,michael40 paypal alert com,project update,paypal-alert.com,2
1344,sherrynelson@outlook.com,Claim Your Reward Now,1,0,8,9,42,1,sherrynelson outlook com,claim your reward now,outlook.com,4
1345,stacey02@bankverify.net,Weekly Newsletter,1,1,3,2,114,0,stacey02 bankverify net,weekly newsletter,bankverify.net,2
1346,jakecombs@paypal-alert.com,Interview Schedule,0,0,5,2,190,0,jakecombs paypal alert com,interview schedule,paypal-alert.com,2
1347,ryanmurray@bankverify.net,Your Password Will Expire,1,0,9,10,88,1,ryanmurray bankverify net,your password will expire,bankverify.net,4
1348,obrienlori@paypal-alert.com,Meeting Reminder,0,1,3,0,99,0,obrienlori paypal alert com,meeting reminder,paypal-alert.com,2
1349,rprice@gmail.com,Your Password Will Expire,1,0,7,10,117,1,rprice gmail com,your password will expire,gmail.com,4
1350,laurabowman@company-secure.com,Your Password Will Expire,1,1,10,3,69,1,laurabowman company secure com,your password will expire,company-secure.com,4
1351,jeremy56@outlook.com,Interview Schedule,0,1,4,1,270,0,jeremy56 outlook com,interview schedule,outlook.com,2
1352,jamesjackson@bankverify.net,Weekly Newsletter,1,1,4,2,106,0,jamesjackson bankverify net,weekly newsletter,bankverify.net,2
1353,randyparsons@gmail.com,Urgent Account Verification,0,1,10,8,70,1,randyparsons gmail com,urgent account verification,gmail.com,3
1354,ericsalinas@outlook.com,Interview Schedule,1,0,4,2,165,0,ericsalinas outlook com,interview schedule,outlook.com,2
1355,danieldavenport@bankverify.net,Your Password Will Expire,0,1,9,4,77,1,danieldavenport bankverify net,your password will expire,bankverify.net,4
1356,tiffany50@bankverify.net,Bank Account Locked,0,1,8,6,104,1,tiffany50 bankverify net,bank account locked,bankverify.net,3
1357,qsmith@outlook.com,Your Password Will Expire,1,1,8,8,86,1,qsmith outlook com,your password will expire,outlook.com,4
1358,stevensjulie@bankverify.net,Meeting Reminder,0,1,4,0,265,0,stevensjulie bankverify net,meeting reminder,bankverify.net,2
1359,jasonjensen@paypal-alert.com,Urgent Account Verification,0,1,8,5,101,1,jasonjensen paypal alert com,urgent account verification,paypal-alert.com,3
1360,johnwilson@gmail.com,Project Update,1,0,5,1,101,0,johnwilson gmail com,project update,gmail.com,2
1361,curtis86@company-secure.com,Interview Schedule,1,0,5,0,124,0,curtis86 company secure com,interview schedule,company-secure.com,2
1362,sarah54@company-secure.com,Claim Your Reward Now,1,0,8,4,25,1,sarah54 company secure com,claim your reward now,company-secure.com,4
1363,brittanypugh@bankverify.net,Interview Schedule,1,1,5,1,84,0,brittanypugh bankverify net,interview schedule,bankverify.net,2
1364,denisespears@bankverify.net,Bank Account Locked,0,1,10,10,95,1,denisespears bankverify net,bank account locked,bankverify.net,3
1365,williamdouglas@company-secure.com,Your Password Will Expire,1,0,10,4,36,1,williamdouglas company secure com,your password will expire,company-secure.com,4
1366,kbrown@bankverify.net,Bank Account Locked,1,1,10,5,53,1,kbrown bankverify net,bank account locked,bankverify.net,3
1367,zstewart@company-secure.com,Meeting Reminder,1,0,1,0,289,0,zstewart company secure com,meeting reminder,company-secure.com,2
1368,daniel67@paypal-alert.com,Urgent Account Verification,1,1,7,10,55,1,daniel67 paypal alert com,urgent account verification,paypal-alert.com,3
1369,martinezcalvin@gmail.com,Invoice Attached,1,1,5,0,87,0,martinezcalvin gmail com,invoice attached,gmail.com,2
1370,timothybaker@outlook.com,Meeting Reminder,1,0,2,2,146,0,timothybaker outlook com,meeting reminder,outlook.com,2
1371,jeannerivera@outlook.com,Urgent Account Verification,0,1,10,10,25,1,jeannerivera outlook com,urgent account verification,outlook.com,3
1372,michaelbray@paypal-alert.com,Meeting Reminder,0,1,5,0,88,0,michaelbray paypal alert com,meeting reminder,paypal-alert.com,2
1373,wongtyler@bankverify.net,Your Password Will Expire,1,0,9,4,84,1,wongtyler bankverify net,your password will expire,bankverify.net,4
1374,brownlisa@company-secure.com,Suspicious Login Attempt,0,1,10,9,64,1,brownlisa company secure com,suspicious login attempt,company-secure.com,3
1375,richardherrera@bankverify.net,Invoice Attached,0,0,3,1,205,0,richardherrera bankverify net,invoice attached,bankverify.net,2
1376,tortiz@outlook.com,Interview Schedule,1,0,1,1,278,0,tortiz outlook com,interview schedule,outlook.com,2
1377,bjackson@bankverify.net,Bank Account Locked,1,0,7,7,77,1,bjackson bankverify net,bank account locked,bankverify.net,3
1378,amandamoreno@bankverify.net,Meeting Reminder,1,1,1,2,102,0,amandamoreno bankverify net,meeting reminder,bankverify.net,2
1379,hayesharry@company-secure.com,Interview Schedule,1,0,2,1,167,0,hayesharry company secure com,interview schedule,company-secure.com,2
1380,austinbrown@gmail.com,Weekly Newsletter,0,0,5,1,104,0,austinbrown gmail com,weekly newsletter,gmail.com,2
1381,mmoody@outlook.com,Bank Account Locked,0,1,10,5,82,1,mmoody outlook com,bank account locked,outlook.com,3
1382,halljerry@gmail.com,Interview Schedule,1,0,2,0,106,0,halljerry gmail com,interview schedule,gmail.com,2
1383,stephenthompson@outlook.com,Project Update,1,1,4,1,192,0,stephenthompson outlook com,project update,outlook.com,2
1384,christopherhines@paypal-alert.com,Bank Account Locked,0,0,10,3,81,1,christopherhines paypal alert com,bank account locked,paypal-alert.com,3
1385,daniel27@gmail.com,Claim Your Reward Now,0,0,10,4,83,1,daniel27 gmail com,claim your reward now,gmail.com,4
1386,brian50@paypal-alert.com,Claim Your Reward Now,0,0,7,5,49,1,brian50 paypal alert com,claim your reward now,paypal-alert.com,4
1387,lewistamara@paypal-alert.com,Meeting Reminder,0,0,4,2,108,0,lewistamara paypal alert com,meeting reminder,paypal-alert.com,2
1388,toddwest@outlook.com,Your Password Will Expire,0,1,10,3,36,1,toddwest outlook com,your password will expire,outlook.com,4
1389,torresholly@company-secure.com,Weekly Newsletter,0,1,1,1,214,0,torresholly company secure com,weekly newsletter,company-secure.com,2
1390,kathleensellers@company-secure.com,Weekly Newsletter,1,0,3,2,238,0,kathleensellers company secure com,weekly newsletter,company-secure.com,2
1391,sroberts@paypal-alert.com,Interview Schedule,0,0,4,0,160,0,sroberts paypal alert com,interview schedule,paypal-alert.com,2
1392,ambercervantes@gmail.com,Suspicious Login Attempt,1,1,9,7,114,1,ambercervantes gmail com,suspicious login attempt,gmail.com,3
1393,andersonnicholas@outlook.com,Your Password Will Expire,0,1,8,10,120,1,andersonnicholas outlook com,your password will expire,outlook.com,4
1394,danielwilliams@paypal-alert.com,Meeting Reminder,1,0,1,2,265,0,danielwilliams paypal alert com,meeting reminder,paypal-alert.com,2
1395,vprice@bankverify.net,Bank Account Locked,1,0,7,4,116,1,vprice bankverify net,bank account locked,bankverify.net,3
1396,anthonyparker@gmail.com,Claim Your Reward Now,0,1,8,5,92,1,anthonyparker gmail com,claim your reward now,gmail.com,4
1397,emilymendoza@paypal-alert.com,Project Update,1,1,2,2,233,0,emilymendoza paypal alert com,project update,paypal-alert.com,2
1398,bradley53@gmail.com,Suspicious Login Attempt,1,1,10,4,42,1,bradley53 gmail com,suspicious login attempt,gmail.com,3
1399,justin57@gmail.com,Meeting Reminder,0,0,5,2,269,0,justin57 gmail com,meeting reminder,gmail.com,2
1400,james84@paypal-alert.com,Claim Your Reward Now,0,0,7,9,22,1,james84 paypal alert com,claim your reward now,paypal-alert.com,4
1401,ryan17@gmail.com,Bank Account Locked,0,0,10,5,61,1,ryan17 gmail com,bank account locked,gmail.com,3
1402,cindyevans@bankverify.net,Your Password Will Expire,1,0,8,3,111,1,cindyevans bankverify net,your password will expire,bankverify.net,4
1403,markfarmer@bankverify.net,Meeting Reminder,0,1,3,0,176,0,markfarmer bankverify net,meeting reminder,bankverify.net,2
1404,simpsoncynthia@company-secure.com,Suspicious Login Attempt,1,1,10,8,54,1,simpsoncynthia company secure com,suspicious login attempt,company-secure.com,3
1405,ashley51@bankverify.net,Weekly Newsletter,1,0,3,2,272,0,ashley51 bankverify net,weekly newsletter,bankverify.net,2
1406,matthewadams@bankverify.net,Meeting Reminder,0,0,5,1,270,0,matthewadams bankverify net,meeting reminder,bankverify.net,2
1407,rachel56@bankverify.net,Your Password Will Expire,0,1,8,6,47,1,rachel56 bankverify net,your password will expire,bankverify.net,4
1408,stephanie15@paypal-alert.com,Claim Your Reward Now,1,1,8,5,83,1,stephanie15 paypal alert com,claim your reward now,paypal-alert.com,4
1409,jackmccarthy@company-secure.com,Meeting Reminder,1,1,3,1,259,0,jackmccarthy company secure com,meeting reminder,company-secure.com,2
1410,kimberlypeterson@outlook.com,Invoice Attached,1,0,3,1,122,0,kimberlypeterson outlook com,invoice attached,outlook.com,2
1411,milesdakota@outlook.com,Urgent Account Verification,1,0,10,9,53,1,milesdakota outlook com,urgent account verification,outlook.com,3
1412,rachel71@paypal-alert.com,Your Password Will Expire,1,1,9,10,59,1,rachel71 paypal alert com,your password will expire,paypal-alert.com,4
1413,hjennings@gmail.com,Invoice Attached,0,1,5,0,293,0,hjennings gmail com,invoice attached,gmail.com,2
1414,smithmariah@gmail.com,Meeting Reminder,0,0,4,1,243,0,smithmariah gmail com,meeting reminder,gmail.com,2
1415,warrennathan@paypal-alert.com,Bank Account Locked,1,0,9,6,75,1,warrennathan paypal alert com,bank account locked,paypal-alert.com,3
1416,fgibson@bankverify.net,Meeting Reminder,0,0,4,0,192,0,fgibson bankverify net,meeting reminder,bankverify.net,2
1417,summerseileen@outlook.com,Claim Your Reward Now,1,0,10,3,106,1,summerseileen outlook com,claim your reward now,outlook.com,4
1418,rodriguezbrian@bankverify.net,Suspicious Login Attempt,1,1,9,3,92,1,rodriguezbrian bankverify net,suspicious login attempt,bankverify.net,3
1419,ericahall@outlook.com,Meeting Reminder,0,1,2,2,200,0,ericahall outlook com,meeting reminder,outlook.com,2
1420,timothyyoung@bankverify.net,Bank Account Locked,0,1,10,4,100,1,timothyyoung bankverify net,bank account locked,bankverify.net,3
1421,danielcoleman@gmail.com,Invoice Attached,0,1,2,2,161,0,danielcoleman gmail com,invoice attached,gmail.com,2
1422,owensbrittany@paypal-alert.com,Interview Schedule,1,0,5,1,151,0,owensbrittany paypal alert com,interview schedule,paypal-alert.com,2
1423,evan42@paypal-alert.com,Claim Your Reward Now,1,0,10,7,77,1,evan42 paypal alert com,claim your reward now,paypal-alert.com,4
1424,stephenthomas@gmail.com,Urgent Account Verification,1,1,7,9,22,1,stephenthomas gmail com,urgent account verification,gmail.com,3
1425,ldavis@company-secure.com,Urgent Account Verification,1,1,10,4,22,1,ldavis company secure com,urgent account verification,company-secure.com,3
1426,suttonstephen@company-secure.com,Suspicious Login Attempt,1,1,10,10,119,1,suttonstephen company secure com,suspicious login attempt,company-secure.com,3
1427,gibbstina@paypal-alert.com,Suspicious Login Attempt,1,1,9,4,36,1,gibbstina paypal alert com,suspicious login attempt,paypal-alert.com,3
1428,mooreanthony@company-secure.com,Urgent Account Verification,1,1,10,8,88,1,mooreanthony company secure com,urgent account verification,company-secure.com,3
1429,briancarter@gmail.com,Project Update,1,1,3,1,156,0,briancarter gmail com,project update,gmail.com,2
1430,natalie15@company-secure.com,Bank Account Locked,1,0,8,9,64,1,natalie15 company secure com,bank account locked,company-secure.com,3
1431,leebrenda@company-secure.com,Suspicious Login Attempt,0,0,8,10,101,1,leebrenda company secure com,suspicious login attempt,company-secure.com,3
1432,donaldbarrett@bankverify.net,Claim Your Reward Now,0,1,9,4,87,1,donaldbarrett bankverify net,claim your reward now,bankverify.net,4
1433,william09@gmail.com,Your Password Will Expire,1,1,9,10,31,1,william09 gmail com,your password will expire,gmail.com,4
1434,cannonkaren@outlook.com,Urgent Account Verification,0,0,7,3,78,1,cannonkaren outlook com,urgent account verification,outlook.com,3
1435,patrick13@gmail.com,Interview Schedule,1,1,5,1,148,0,patrick13 gmail com,interview schedule,gmail.com,2
1436,jessicaburgess@outlook.com,Invoice Attached,0,1,2,0,133,0,jessicaburgess outlook com,invoice attached,outlook.com,2
1437,tmendoza@paypal-alert.com,Your Password Will Expire,1,0,10,7,50,1,tmendoza paypal alert com,your password will expire,paypal-alert.com,4
1438,charlesrojas@outlook.com,Claim Your Reward Now,0,1,9,3,71,1,charlesrojas outlook com,claim your reward now,outlook.com,4
1439,andreanguyen@company-secure.com,Suspicious Login Attempt,1,1,10,9,77,1,andreanguyen company secure com,suspicious login attempt,company-secure.com,3
1440,vmorales@paypal-alert.com,Your Password Will Expire,1,1,7,4,46,1,vmorales paypal alert com,your password will expire,paypal-alert.com,4
1441,amandagonzalez@paypal-alert.com,Urgent Account Verification,1,0,10,8,46,1,amandagonzalez paypal alert com,urgent account verification,paypal-alert.com,3
1442,qmurphy@gmail.com,Weekly Newsletter,1,1,4,2,296,0,qmurphy gmail com,weekly newsletter,gmail.com,2
1443,troyking@gmail.com,Your Password Will Expire,1,1,10,7,79,1,troyking gmail com,your password will expire,gmail.com,4
1444,danielwalker@paypal-alert.com,Your Password Will Expire,1,0,9,3,104,1,danielwalker paypal alert com,your password will expire,paypal-alert.com,4
1445,kjackson@company-secure.com,Project Update,0,0,1,2,281,0,kjackson company secure com,project update,company-secure.com,2
1446,ericajohnson@bankverify.net,Meeting Reminder,1,0,1,2,282,0,ericajohnson bankverify net,meeting reminder,bankverify.net,2
1447,lauren50@bankverify.net,Interview Schedule,0,1,4,0,183,0,lauren50 bankverify net,interview schedule,bankverify.net,2
1448,murphymark@outlook.com,Bank Account Locked,0,1,8,3,56,1,murphymark outlook com,bank account locked,outlook.com,3
1449,davidstone@company-secure.com,Project Update,1,1,2,1,110,0,davidstone company secure com,project update,company-secure.com,2
1450,ronaldsmith@bankverify.net,Meeting Reminder,1,0,3,1,259,0,ronaldsmith bankverify net,meeting reminder,bankverify.net,2
1451,molly71@gmail.com,Interview Schedule,1,1,3,1,149,0,molly71 gmail com,interview schedule,gmail.com,2
1452,odeleon@outlook.com,Invoice Attached,1,0,2,1,261,0,odeleon outlook com,invoice attached,outlook.com,2
1453,christine62@bankverify.net,Suspicious Login Attempt,1,0,7,10,40,1,christine62 bankverify net,suspicious login attempt,bankverify.net,3
1454,matthew80@gmail.com,Your Password Will Expire,0,0,10,4,117,1,matthew80 gmail com,your password will expire,gmail.com,4
1455,tburns@company-secure.com,Interview Schedule,1,0,4,1,254,0,tburns company secure com,interview schedule,company-secure.com,2
1456,roycassandra@company-secure.com,Interview Schedule,1,1,4,0,165,0,roycassandra company secure com,interview schedule,company-secure.com,2
1457,bakerlinda@paypal-alert.com,Meeting Reminder,0,0,4,2,201,0,bakerlinda paypal alert com,meeting reminder,paypal-alert.com,2
1458,rachel36@bankverify.net,Project Update,1,1,4,1,180,0,rachel36 bankverify net,project update,bankverify.net,2
1459,kcurtis@company-secure.com,Bank Account Locked,1,0,9,9,45,1,kcurtis company secure com,bank account locked,company-secure.com,3
1460,sarah53@paypal-alert.com,Your Password Will Expire,1,0,7,8,104,1,sarah53 paypal alert com,your password will expire,paypal-alert.com,4
1461,bowensarah@outlook.com,Suspicious Login Attempt,1,1,8,7,116,1,bowensarah outlook com,suspicious login attempt,outlook.com,3
1462,heather96@gmail.com,Meeting Reminder,1,1,4,2,133,0,heather96 gmail com,meeting reminder,gmail.com,2
1463,stoutmatthew@paypal-alert.com,Project Update,1,1,5,2,96,0,stoutmatthew paypal alert com,project update,paypal-alert.com,2
1464,carly03@outlook.com,Suspicious Login Attempt,0,0,7,3,105,1,carly03 outlook com,suspicious login attempt,outlook.com,3
1465,henry19@gmail.com,Your Password Will Expire,1,0,8,4,22,1,henry19 gmail com,your password will expire,gmail.com,4
1466,brooksaustin@company-secure.com,Invoice Attached,1,0,4,1,190,0,brooksaustin company secure com,invoice attached,company-secure.com,2
1467,sbryant@company-secure.com,Meeting Reminder,1,0,5,1,296,0,sbryant company secure com,meeting reminder,company-secure.com,2
1468,shannonvega@gmail.com,Invoice Attached,0,0,4,1,250,0,shannonvega gmail com,invoice attached,gmail.com,2
1469,katiemcgrath@paypal-alert.com,Urgent Account Verification,1,0,10,10,69,1,katiemcgrath paypal alert com,urgent account verification,paypal-alert.com,3
1470,erikahall@outlook.com,Urgent Account Verification,1,0,10,9,21,1,erikahall outlook com,urgent account verification,outlook.com,3
1471,jenniferharris@company-secure.com,Bank Account Locked,1,0,7,3,119,1,jenniferharris company secure com,bank account locked,company-secure.com,3
1472,thomashiggins@paypal-alert.com,Weekly Newsletter,0,0,4,1,188,0,thomashiggins paypal alert com,weekly newsletter,paypal-alert.com,2
1473,victoria53@paypal-alert.com,Suspicious Login Attempt,1,1,9,4,118,1,victoria53 paypal alert com,suspicious login attempt,paypal-alert.com,3
1474,ericwaters@company-secure.com,Bank Account Locked,1,1,9,6,116,1,ericwaters company secure com,bank account locked,company-secure.com,3
1475,shill@outlook.com,Bank Account Locked,0,0,9,6,42,1,shill outlook com,bank account locked,outlook.com,3
1476,davidreynolds@bankverify.net,Project Update,1,1,2,2,115,0,davidreynolds bankverify net,project update,bankverify.net,2
1477,pwashington@company-secure.com,Interview Schedule,1,0,1,0,117,0,pwashington company secure com,interview schedule,company-secure.com,2
1478,triddle@outlook.com,Meeting Reminder,0,1,5,2,288,0,triddle outlook com,meeting reminder,outlook.com,2
1479,miguelduncan@paypal-alert.com,Your Password Will Expire,1,1,7,6,83,1,miguelduncan paypal alert com,your password will expire,paypal-alert.com,4
1480,kathrynsmith@bankverify.net,Invoice Attached,0,1,4,0,185,0,kathrynsmith bankverify net,invoice attached,bankverify.net,2
1481,espinozapaula@gmail.com,Weekly Newsletter,0,0,3,0,176,0,espinozapaula gmail com,weekly newsletter,gmail.com,2
1482,wilsonrobert@gmail.com,Urgent Account Verification,1,0,7,7,111,1,wilsonrobert gmail com,urgent account verification,gmail.com,3
1483,harrisonalexis@company-secure.com,Claim Your Reward Now,1,1,9,9,78,1,harrisonalexis company secure com,claim your reward now,company-secure.com,4
1484,frich@paypal-alert.com,Weekly Newsletter,0,0,3,1,240,0,frich paypal alert com,weekly newsletter,paypal-alert.com,2
1485,katrinawebb@paypal-alert.com,Interview Schedule,1,0,2,1,216,0,katrinawebb paypal alert com,interview schedule,paypal-alert.com,2
1486,jriggs@gmail.com,Meeting Reminder,0,1,2,0,192,0,jriggs gmail com,meeting reminder,gmail.com,2
1487,angela75@bankverify.net,Bank Account Locked,1,1,8,8,53,1,angela75 bankverify net,bank account locked,bankverify.net,3
1488,hlopez@gmail.com,Weekly Newsletter,0,0,4,1,203,0,hlopez gmail com,weekly newsletter,gmail.com,2
1489,cherylcummings@paypal-alert.com,Your Password Will Expire,0,0,7,8,54,1,cherylcummings paypal alert com,your password will expire,paypal-alert.com,4
1490,mboyd@outlook.com,Project Update,1,1,3,2,262,0,mboyd outlook com,project update,outlook.com,2
1491,alvaradokathleen@paypal-alert.com,Project Update,1,1,4,2,200,0,alvaradokathleen paypal alert com,project update,paypal-alert.com,2
1492,jon17@outlook.com,Suspicious Login Attempt,1,0,10,10,25,1,jon17 outlook com,suspicious login attempt,outlook.com,3
1493,allison36@company-secure.com,Urgent Account Verification,1,1,10,5,20,1,allison36 company secure com,urgent account verification,company-secure.com,3
1494,burtonmichael@bankverify.net,Suspicious Login Attempt,1,1,10,10,92,1,burtonmichael bankverify net,suspicious login attempt,bankverify.net,3
1495,ipeterson@gmail.com,Bank Account Locked,1,1,8,4,28,1,ipeterson gmail com,bank account locked,gmail.com,3
1496,villabrian@gmail.com,Claim Your Reward Now,1,1,8,7,113,1,villabrian gmail com,claim your reward now,gmail.com,4
1497,lharvey@gmail.com,Urgent Account Verification,1,0,8,5,50,1,lharvey gmail com,urgent account verification,gmail.com,3
1498,xjennings@outlook.com,Suspicious Login Attempt,0,0,8,10,82,1,xjennings outlook com,suspicious login attempt,outlook.com,3
1499,paulcobb@paypal-alert.com,Suspicious Login Attempt,1,0,7,9,36,1,paulcobb paypal alert com,suspicious login attempt,paypal-alert.com,3
1500,kristen14@company-secure.com,Invoice Attached,0,1,4,0,161,0,kristen14 company secure com,invoice attached,company-secure.com,2
